architecture,width,depth,history_steps,dropout,learning_rate,weight_decay,batch_size,mean_normalized_mse,mean_persistence_normalized_mse
tcn,40,2,3,0.0001655986745397811,0.001536803574815708,3.078244539168094e-08,64,0.001488100945641195,0.037284219020542214
tcn,40,2,3,0.008151482426490959,0.002257107989858381,1.3563436033113344e-08,64,0.0015670056292985954,0.037284219020542214
tcn,40,2,3,0.006462510880316067,0.0031568120455119455,2.6885388885961093e-08,64,0.001714090636467236,0.037284219020542214
tcn,32,2,6,0.000666686618497672,0.00397814266122902,2.002397505549258e-08,64,0.0020092245908990146,0.03538001125596218
tcn,40,2,3,0.017348372434886874,0.002119662143098128,1.5996624723517448e-08,64,0.0020890196174154162,0.037284219020542214
tcn,32,2,3,0.01374111327359967,0.0015442485023639337,6.685237981788266e-08,64,0.002482873211059326,0.037284219020542214
tcn,24,2,4,0.009565064586276303,0.005351574325396402,3.591602697265522e-08,64,0.002486251799704551,0.039493153814334124
tcn,40,2,4,0.013426171665589695,0.004195290866654007,2.587063582797956e-08,64,0.0026864975330231043,0.039493153814334124
gru,32,2,5,0.03184203968826723,0.004276609125888103,1.4976576825286977e-08,64,0.0028429163460680835,0.039963584271552645
tcn,40,2,3,0.03511942312809896,0.0024002723442083755,2.7507180132639807e-07,64,0.00294055642577478,0.037284219020542214
tcn,48,2,3,0.048059229976201906,0.0009753388945309774,1.3872778249850114e-08,64,0.00317025609651877,0.037284219020542214
tcn,56,2,3,0.051874084842981186,0.0025860701612339023,3.226943003737334e-08,64,0.0031741650115606735,0.037284219020542214
tcn,32,2,6,0.006773045355832841,0.008592986965851247,4.4708064378633415e-08,64,0.0033692154712111795,0.03538001125596218
tcn,40,2,4,0.01089175642725784,0.007864812667363304,3.468403279624775e-07,64,0.003431113435197247,0.039493153814334124
tcn,32,2,6,0.011575834811972725,0.005890686272795632,1.5085680866344197e-07,64,0.003494474195175746,0.03538001125596218
tcn,32,2,6,0.00685857239701719,0.0012251634321333936,3.635395893401472e-08,64,0.003689560739253788,0.03538001125596218
tcn,32,2,5,0.019089237565335874,0.008196578166245031,3.717578225805549e-08,128,0.00387479688387527,0.039963584271552645
tcn,24,2,3,0.06802638443095231,0.004053932856527295,1.4261588404323522e-07,64,0.004057729195800119,0.037284219020542214
tcn,64,2,3,0.08365448908303458,0.00027511239193948937,5.757104364468383e-08,64,0.004163627895500514,0.037284219020542214
tcn,24,2,3,0.06681047285854527,0.0018153023859400186,1.955263123408923e-08,64,0.004187113925949919,0.037284219020542214
tcn,40,2,3,0.06520676031948112,0.004782233142836113,1.2939052242578696e-08,64,0.0042028064748258435,0.037284219020542214
tcn,24,2,5,0.03332539029539064,0.0030719416576993367,6.397729326103222e-08,64,0.004565807841730535,0.039963584271552645
tcn,48,2,3,0.14080479862712447,0.0008168844863039907,1.1497800294946682e-08,64,0.004985667396791845,0.037284219020542214
tcn,40,2,5,0.09171058138784212,0.0018678727688656918,1.0797674557784224e-07,64,0.005243591484101397,0.039963584271552645
tcn,40,2,5,0.0844278022849029,0.0022534924639025433,1.3903599240014655e-08,64,0.00529178894469091,0.039963584271552645
tcn,24,2,5,0.036892990159671346,0.0073952714634010685,7.233734436965956e-07,64,0.005423696853888244,0.039963584271552645
tcn,48,2,7,0.062637891701982,0.0022038395851468467,1.3438882213673072e-07,64,0.005862893492292354,0.03672671915898323
tcn,40,2,4,0.08183173561480517,0.004859205622011665,6.913028437848382e-08,64,0.005983803684696525,0.039493153814334124
tcn,48,2,3,0.15049102482904603,0.004119843041062704,6.467062256658721e-08,64,0.006117040955103997,0.037284219020542214
tcn,24,2,5,0.03490426502002756,0.0008814606344173616,5.4230830205866265e-08,64,0.006950007960133534,0.039963584271552645
tcn,32,2,7,0.0616191800902919,0.004172532138847238,1.026540532531968e-08,64,0.007153484494245278,0.03672671915898323
tcn,40,2,6,0.04726464038487244,0.008195992275573332,7.735860096425602e-08,64,0.007349669509032136,0.03538001125596218
tcn,32,2,3,0.07193314164273155,0.009252256661149977,3.3923761461006006e-08,64,0.007401635225415162,0.037284219020542214
tcn,40,3,4,0.07413710001946008,0.007404652950956974,2.6880414656054595e-08,64,0.007856370521669223,0.039493153814334124
tcn,32,1,6,0.007765203282849782,0.004058672847422914,1.5024107149934345e-08,64,0.00887824725110589,0.03538001125596218
lstm,40,2,7,0.06675068120993528,0.0011507006010808118,6.073617219698013e-08,64,0.009286038907810623,0.03672671915898323
tcn,8,2,4,0.019430080379746237,0.0015908949254483755,1.5110538296006954e-05,64,0.009375917518398285,0.039493153814334124
tcn,16,2,5,0.09465259829173778,0.003803850341047513,1.8081139726839934e-08,64,0.009580415895672519,0.039963584271552645
tcn,56,2,2,0.07405462389761505,0.0015875577608140759,1.1491145133272933e-06,64,0.009804894661319617,0.036083023305041484
tcn,40,1,3,0.04031813744806098,0.005525993096646381,2.3241555253717342e-08,64,0.010102018374972231,0.037284219020542214
tcn,24,2,6,0.09104064820248547,0.0007139101944797121,6.992445075927855e-05,64,0.01071103696477435,0.03538001125596218
tcn,40,2,2,0.06662710076064868,0.0019237022931149705,5.1486843916779793e-08,64,0.01134879367791608,0.036083023305041484
tcn,32,1,7,0.05785171415491787,0.00218701583443179,1.3600364350336072e-08,64,0.012058544031799165,0.03672671915898323
tcn,32,2,2,0.03594644815397923,0.000600308890424711,1.5292225390039702e-07,64,0.012443381263406182,0.036083023305041484
tcn,56,1,2,0.17619384718029038,0.0010744807578188741,0.0007765625858976037,64,0.013382555587426731,0.036083023305041484
tcn,8,2,4,0.08275652933005889,0.00332968022486884,4.166928501615022e-05,64,0.014703329965842874,0.039493153814334124
tcn,32,1,4,0.19234097629112956,0.0017997689022614424,0.0012240732396495428,64,0.015511515322154638,0.039493153814334124
tcn,32,2,6,0.19488342943408754,0.00032722604893580307,0.0007693292005515355,64,0.017519536805374845,0.03538001125596218
tcn,16,2,6,0.15707988817795981,0.0013822698765799642,8.20141520491885e-06,64,0.018031630632624026,0.03538001125596218
lstm,64,3,7,0.40009853753931673,0.00818295204553082,1.0529801153821408e-05,256,0.01905140204896484,0.03672671915898323
tcn,32,1,2,0.3740714533784598,0.0030996803820493956,2.7968531970040105e-05,256,0.022765355179902996,0.036083023305041484
tcn,32,1,7,0.1297677713477639,0.00017366116330414771,0.0004615739829424652,64,0.031840721200804535,0.03672671915898323
tcn,8,3,4,0.23148701607982697,0.0022269203624941812,0.0036116102082968345,128,0.0678033696044627,0.039493153814334124
lstm,64,3,6,0.2886433318931099,0.00014642645221529815,0.005980750185063509,128,0.11706218377214854,0.03538001125596218
lstm,40,3,7,0.27757295794541553,0.0006754870165766723,0.009193307611374654,256,0.13531292694618563,0.03672671915898323
gru,32,2,4,0.32756240170624984,0.00046526543076427557,2.201116357822203e-06,1024,0.20180946166741753,0.039493153814334124
gru,16,3,6,0.48859909411889146,0.0006206727465270963,0.007490291309088124,512,0.4172094232416101,0.03538001125596218
gru,8,3,4,0.14861243236377358,0.0007287234414079965,2.6894232559007144e-05,1024,0.637282602958085,0.039493153814334124
lstm,40,1,7,0.3689177751653667,0.00010143043005153289,0.0034049699703180706,512,1.8829909782946928,0.03672671915898323
