threshold,critical_recall,normal_critical_fpr
0.0,1.0,1.0
0.01466796009645933,1.0,1.0
0.015818347382977004,1.0,0.9953140488420293
0.01610124859763794,1.0,0.989907182121294
0.01616841949431178,1.0,0.9845904298459043
0.016174828939726712,1.0,0.9782824186717131
0.016174937014214685,1.0,0.9717941786068307
0.016175050275052158,1.0,0.9652158240966027
0.016175139889463484,1.0,0.9587275840317203
0.016175210283377914,1.0,0.9521492295214923
0.016175286084766333,1.0,0.9456609894566099
0.016175340104657356,1.0,0.9391727493917275
0.01617539880581121,1.0,0.9325943948814995
0.01617545847654054,1.0,0.9261061548166171
0.01617554110887657,1.0,0.9195278003063891
0.016175620492152456,1.0,0.9130395602415067
0.016175706706700647,1.0,0.9065513201766243
0.01617578270065392,1.0,0.8999729656663963
0.01617586075187848,1.0,0.8934847256015139
0.016175917795012783,1.0,0.8869063710912859
0.016175977477629458,1.0,0.8804181310264035
0.016176047079818234,1.0,0.8739298909615212
0.01617611628713811,1.0,0.8673515364512931
0.016176171703936443,1.0,0.8608632963864108
0.016176236057323573,1.0,0.8542849418761828
0.01617630605567714,1.0,0.8477967018113004
0.01617638683303534,1.0,0.8413084617464179
0.016176463196150535,1.0,0.83473010723619
0.016176528032551887,1.0,0.8282418671713075
0.016176603637151434,1.0,0.8216635126610796
0.016176678089720536,1.0,0.8151752725961972
0.016176802688570604,1.0,0.8086870325313148
0.016176894482732893,1.0,0.8021086780210868
0.01617698475645603,1.0,0.7956204379562044
0.016177098545956278,1.0,0.7890420834459764
0.01617722550960469,1.0,0.782553843381094
0.016177340415131945,1.0,0.7760656033162115
0.01617749180834398,1.0,0.7694872488059836
0.01617763590748561,1.0,0.7629990087411012
0.016177817622422284,1.0,0.7564206542308732
0.016178042363440052,1.0,0.7499324141659908
0.016178229907320662,1.0,0.7434441741011084
0.016178521426294123,1.0,0.7368658195908804
0.016178813390889144,1.0,0.730377579525998
0.0161791303907108,1.0,0.72379922501577
0.016179534257705082,1.0,0.7173109849508876
0.016179989928637745,1.0,0.7108227448860053
0.016180510287337163,1.0,0.7042443903757772
0.01618106484407612,1.0,0.697936379201586
0.01618152971500761,1.0,0.6911777958006668
0.016182112712387082,1.0,0.6846895557357845
0.016182933769256343,1.0,0.678201315670902
0.016183758868650214,1.0,0.6716229611606741
0.01618464856090492,1.0,0.6651347210957916
0.016185583773471193,1.0,0.6585563665855637
0.01618659187053304,1.0,0.6520681265206812
0.016187503893881405,1.0,0.6456700009011445
0.01618865031887022,1.0,0.6390916463909164
0.01618964719309132,1.0,0.6326935207713796
0.016190555669102134,1.0,0.6261151662611517
0.016191523197360565,1.0,0.6197170406416148
0.01619217632505099,1.0,0.6134991439127692
0.016193134454101598,1.0,0.6071010182932324
0.016194022830638276,1.0,0.6007028926736956
0.01619500131840261,1.0,0.5941245381634676
0.016196220509134086,1.0,0.5877264125439308
0.01619737911961174,1.0,0.5822294313778499
0.016198092296421638,1.0,0.5786248535640263
0.01619950559125867,1.0,0.5730377579525998
0.016201227319048574,1.0,0.5664594034423718
0.016202570581589686,1.0,0.5599711633774894
0.016203882476939175,1.0,0.5541137244300262
0.016205428024126004,1.0,0.5475353699197981
0.016207189445393354,1.0,0.541858159863026
0.016208530826887335,1.0,0.5367216364783275
0.01620933027511101,1.0,0.5332972875551951
0.016210427974293517,1.0,0.52870145084257
0.01621134940391915,1.0,0.5243759574659818
0.01621247227496182,1.0,0.5202306929800847
0.01621336051387101,1.0,0.5161755429395332
0.016214206921360476,1.0,0.5109489051094891
0.01621470324734449,1.0,0.5088762728665405
0.016215561468447003,1.0,0.5045507794899522
0.016217208162674246,1.0,0.49878345498783455
0.016218298630165908,1.0,0.4943678471659007
0.016219461709200217,1.0,0.4895016671172389
0.01622029568346763,1.0,0.4849058304046139
0.0162213058114918,1.0,0.47859781923042266
0.01622305899677305,1.0,0.473911868072452
0.016225538519387062,1.0,0.46796431467964317
0.016228010675334935,1.0,0.4630981346309814
0.016230730643353966,1.0,0.4582319545823195
0.016232519322311328,1.0,0.4530053167522754
0.01623455405359763,1.0,0.44696764891412094
0.01623825110779807,1.0,0.44120032441200324
0.01624350470099132,1.0,0.4357033432459223
0.016248028753656437,1.0,0.4294854465170767
0.016252545796578585,1.0,0.42308732089753986
0.016260205859162324,1.0,0.41695953861403984
0.016268923236413286,1.0,0.41110209966657657
0.01627719354454044,1.0,0.4049743173830765
0.016287361717529373,1.0,0.39884653509957646
0.016296454869988937,1.0,0.3929890961521132
0.016302575428567237,1.0,0.38749211498603225
0.016308187246261454,1.0,0.3838875371722087
0.016313810202531382,1.0,0.3808236460304587
0.01632129464056876,1.0,0.3773992971073263
0.01632827050692584,1.0,0.3748760926376498
0.016335787461857952,1.0,0.37109128593313506
0.016343640706288493,1.0,0.3667657925565468
0.01635013393526788,1.0,0.3631612147427233
0.0163583730326367,1.0,0.3579345769126791
0.016366633501210863,1.0,0.3544201135442011
0.01637555189060784,1.0,0.34910336126881136
0.016384648828178403,1.0,0.3446877534468775
0.0163941540738868,1.0,0.3400018022889069
0.016404041172563638,1.0,0.33549608002162745
0.0164173785370323,1.0,0.33044967108227447
0.016430723867592804,1.0,0.32486257547084796
0.016443861370822054,1.0,0.3189150220780391
0.016454976824831956,1.0,0.31350815535730375
0.016469384273917868,1.0,0.30828151752725963
0.016486531796377366,1.0,0.30251419302514193
0.016506790157798566,1.0,0.2971073263044066
0.0165200858111979,1.0,0.2913400018022889
0.016540565191392145,1.0,0.28530233396413446
0.016559346124574565,1.0,0.28034603947012704
0.01658320702282175,1.0,0.2743083716319726
0.01660720213539338,1.0,0.26818058934847255
0.016630776153893762,1.0,0.2619626926196269
0.01666458477487496,1.0,0.2557447958907813
0.016703408202236376,1.0,0.25024781472470037
0.016746653346555306,1.0,0.2443903757772371
0.016782883357003817,1.0,0.2386230512751194
0.016818206122373384,1.0,0.2338469856718032
0.01686522722814359,1.0,0.22916103451383257
0.01694467636385447,1.0,0.22393439668378842
0.017011007558955224,1.0,0.21897810218978103
0.0170815718244996,1.0,0.21465260881319276
0.017137771044948773,1.0,0.21077768766333244
0.017220315429258653,1.0,0.20672253762278092
0.017398123631035784,1.0,0.20185635757411913
0.01756992560441134,1.0,0.19771109308822205
0.017754937400236113,1.0,0.19410651527439848
0.017892049979588175,1.0,0.19059205190592052
0.0181123404826077,1.0,0.18725781742813372
0.018259415566135105,1.0,0.18527529963053077
0.0184705653229448,1.0,0.1825718662701631
0.018667090475131275,1.0,0.17950797512841307
0.018987907595185156,1.0,0.1760836262052807
0.01927552698270019,1.0,0.17211859061007478
0.019649714302790566,1.0,0.1681535550148689
0.02002983441618834,1.0,0.16499954942777328
0.020519263011894856,1.0,0.16292691718482472
0.021656735978132575,0.996415770609319,0.1599531404884203
0.02264996313060169,0.992831541218638,0.1567991349013247
0.023698906614824357,0.992831541218638,0.15283409930611877
0.024828743477235377,0.992831541218638,0.1494097503829864
0.02588448270158854,0.9910394265232975,0.14553482923312608
0.026837728267561572,0.9874551971326165,0.1428313958727584
0.027943809835251843,0.985663082437276,0.1387762458322069
0.029025430752777078,0.982078853046595,0.13418040911958187
0.03019704863380166,0.9802867383512545,0.12958457240695684
0.031256961085013524,0.974910394265233,0.12616022348382447
0.03215445025260933,0.9731182795698925,0.12201495899792737
0.03297234192256086,0.9695340501792115,0.11877083896548617
0.034301273689943575,0.9695340501792115,0.11471568892493467
0.03555044734066596,0.967741935483871,0.11075065332972875
0.03671282470500601,0.9623655913978495,0.10669550328917725
0.03772348170107196,0.9605734767025089,0.10191943768586105
0.03914862930142581,0.956989247311828,0.09804451653600071
0.04072525525830186,0.9516129032258065,0.09407948094079481
0.04185817149653859,0.9498207885304659,0.08984410200955213
0.043166928282864205,0.9498207885304659,0.08641975308641975
0.044519697849910306,0.9480286738351255,0.08155357303775795
0.046065165883662475,0.9480286738351255,0.07803910966927999
0.04768911702239296,0.946236559139785,0.07317292962061818
0.04949825856239402,0.946236559139785,0.06857709290799315
0.051402920127264204,0.946236559139785,0.06362079841398577
0.0537916185134552,0.9408602150537635,0.05938541948274308
0.05588836563215384,0.9336917562724014,0.055150040551500405
0.058524503753158166,0.9283154121863799,0.05163557718302244
0.06153790021402486,0.9247311827956989,0.04749031269712535
0.0654929190242227,0.9193548387096774,0.04325493376588267
0.070039950853476,0.9175627240143369,0.038929440389294405
0.07443359983980774,0.9175627240143369,0.034874290348742905
0.08037392043079761,0.9121863799283154,0.03099936919888258
0.0870169171852051,0.9068100358422939,0.026583761376948727
0.09723549173152538,0.9068100358422939,0.02216815355501487
0.11131819692287952,0.9032258064516129,0.018563575741191312
0.12484629391617492,0.8978494623655914,0.015229341263404524
0.14927095669292362,0.8924731182795699,0.01144453455888979
0.2065582818916179,0.8853046594982079,0.0072992700729927005
0.3015287714772637,0.8727598566308243,0.004145264485897089
0.6031381881290224,0.8602150537634409,0.000991258898801478
0.9071901945288244,0.7795698924731183,0.0001802288906911778
0.9651289648551274,0.6523297491039427,0.0
0.9720234051467378,0.5197132616487455,0.0
0.9737398847174873,0.3942652329749104,0.0
0.9742040198088688,0.2616487455197133,0.0
0.9744952056348967,0.13082437275985664,0.0
0.9749223030507415,0.007168458781362007,0.0
1.0000001,0.0,0.0
