experiment,scope,critical_recall,macro_pr_auc,macro_f1,normal_fpr,normal_critical_fpr,brier,ece,fold,anomaly_recall,anomaly_fpr,anomaly_pr_auc,anomaly_macro_f1,state,objective,parameters
original_config_refit,train_grouped_cv_selection,0.7504379467186485,0.8623136795767881,0.7057133227549882,0.0383554589688024,0.0369558959717149,0.1505461633205413,0.0114629640245939,1.0,,,,,,,
original_if_refit,train_grouped_cv_selection,,,,,,,,1.0,0.4474491257502691,0.0461256814838682,0.5790118658513265,0.72977529053839,,,
optimized_risk,train_grouped_cv_selection,0.7591689408706953,0.8761696411033474,0.7160784408475576,0.0405862912791149,0.039490665250248,0.1416734269380691,0.0508481366300333,1.0,,,,,,,
optimized_if,train_grouped_cv_selection,,,,,,,,1.0,0.4373594092447828,0.0463871520107271,0.5769808007991919,0.7246191381578567,,,
ablation_displacement_health,train_grouped_cv_selection,0.6859571150097464,0.6735563881166068,0.5534155015580048,0.0498210813636565,0.0482252727527018,0.2046375710780026,0.0469516211179242,1.0,,,,,,,
risk_trial_0,train_grouped_cv_selection,0.6453658219623132,0.6657462827758452,0.5580345271165569,0.04877217179410245,0.04717253813183781,0.2072939028342565,0.017717258060235205,1.0,,,,,COMPLETE,0.8010312170903456,"{""calibration"": ""none"", ""colsample_bylevel"": 0.9665440364437338, ""colsample_bytree"": 0.6703292642588699, ""critical_weight"": 1.9127267288786132, ""feature_set"": ""displacement_health"", ""gamma"": 0.6240745617697461, ""learning_rate"": 0.10604793157329842, ""max_bin"": 128, ""max_delta_step"": 0.10292247147901223, ""max_depth"": 6, ""min_child_weight"": 12.019949436760623, ""n_estimators"": 350, ""reg_alpha"": 0.026652406046810753, ""reg_lambda"": 5.675206026988746, ""subsample"": 0.662397808134481, ""weighting"": ""none""}"
risk_trial_1,train_grouped_cv_selection,0.735022742040286,0.8497136622059384,0.7028545501088391,0.04067744254564835,0.03755023688860257,0.15824496249357858,0.01392743009977363,1.0,,,,,COMPLETE,0.9327652463820606,"{""calibration"": ""isotonic"", ""colsample_bylevel"": 0.7616126031799995, ""colsample_bytree"": 0.8573450991017149, ""critical_weight"": 3.052699079536471, ""feature_set"": ""displacement_physics"", ""gamma"": 0.7986951286334389, ""learning_rate"": 0.06150970254013887, ""max_bin"": 256, ""max_delta_step"": 0.3252579649263976, ""max_depth"": 3, ""min_child_weight"": 21.016842677383526, ""n_estimators"": 250, ""reg_alpha"": 0.028998790688889834, ""reg_lambda"": 0.26448980183927095, ""subsample"": 0.8056937753654446, ""weighting"": ""none""}"
risk_trial_2,train_grouped_cv_selection,0.744301494476933,0.8666052232036955,0.6861966398804449,0.04128280790566933,0.039504578378748705,0.1600802535244761,0.045971714337887486,1.0,,,,,COMPLETE,0.9429119419455319,"{""calibration"": ""sigmoid"", ""colsample_bylevel"": 0.9437832058402786, ""colsample_bytree"": 0.9893546197175955, ""critical_weight"": 2.166031869068446, ""feature_set"": ""displacement_physics"", ""gamma"": 2.1868411173731186, ""learning_rate"": 0.046257274856204685, ""max_bin"": 128, ""max_delta_step"": 2.9894998940554256, ""max_depth"": 5, ""min_child_weight"": 9.498479527360814, ""n_estimators"": 250, ""reg_alpha"": 2.2603530975217483, ""reg_lambda"": 16.466293382966793, ""subsample"": 0.6739417822102108, ""weighting"": ""inverse""}"
risk_trial_3,train_grouped_cv_selection,0.6522904483430798,0.6625796385098434,0.549010411315694,0.048351908080876305,0.04402723329845431,0.21408888200918832,0.022741126644340543,1.0,,,,,COMPLETE,0.8065784352511256,"{""calibration"": ""isotonic"", ""colsample_bylevel"": 0.9538653571137086, ""colsample_bytree"": 0.6519327409932608, ""critical_weight"": 1.9926940745579476, ""feature_set"": ""displacement_health"", ""gamma"": 3.0889790771866297, ""learning_rate"": 0.02896374385821842, ""max_bin"": 256, ""max_delta_step"": 3.8563517334297286, ""max_depth"": 6, ""min_child_weight"": 38.45913414908674, ""n_estimators"": 150, ""reg_alpha"": 0.10674776722523947, ""reg_lambda"": 6.394979414183315, ""subsample"": 0.6794862726136689, ""weighting"": ""sqrt""}"
risk_trial_4,train_grouped_cv_selection,0.651003248862898,0.6567680254717644,0.532207815058448,0.048718088637977615,0.04624650587524772,0.2144903838634491,0.02305693563600131,1.0,,,,,COMPLETE,0.8027392341895074,"{""calibration"": ""isotonic"", ""colsample_bylevel"": 0.8734488990910977, ""colsample_bytree"": 0.9198385129840964, ""critical_weight"": 3.722699421778279, ""feature_set"": ""displacement_health"", ""gamma"": 3.0431401944675898, ""learning_rate"": 0.031657166624657056, ""max_bin"": 128, ""max_delta_step"": 0.12709563372047594, ""max_depth"": 4, ""min_child_weight"": 16.942709250653106, ""n_estimators"": 650, ""reg_alpha"": 0.009528811042709534, ""reg_lambda"": 1.1457000811140412, ""subsample"": 0.8245108790277985, ""weighting"": ""none""}"
risk_trial_5,train_grouped_cv_selection,,,,,,,,,,,,,PRUNED,0.5999719333329185,"{""calibration"": ""none"", ""colsample_bylevel"": 0.7966425147215089, ""colsample_bytree"": 0.9312852269146901, ""critical_weight"": 3.4540442977674792, ""feature_set"": ""displacement_health"", ""gamma"": 2.533615026041694, ""learning_rate"": 0.15667511346159152, ""max_bin"": 128, ""max_delta_step"": 4.037200775820312, ""max_depth"": 2, ""min_child_weight"": 22.512247231872642, ""n_estimators"": 250, ""reg_alpha"": 1.2208630772393851, ""reg_lambda"": 2.167784621435771, ""subsample"": 0.9485842360750871, ""weighting"": ""inverse""}"
risk_trial_6,train_grouped_cv_selection,0.7496016894087069,0.8696404521036777,0.702984899937784,0.0417010327230615,0.03983952453502556,0.1467813549938429,0.035971546189136325,1.0,,,,,COMPLETE,0.950346247218037,"{""calibration"": ""sigmoid"", ""colsample_bylevel"": 0.9929455206802402, ""colsample_bytree"": 0.7772703608327529, ""critical_weight"": 1.1544362537499682, ""feature_set"": ""displacement_physics"", ""gamma"": 2.0751624869734644, ""learning_rate"": 0.16081521623804476, ""max_bin"": 128, ""max_delta_step"": 2.4862425294619275, ""max_depth"": 3, ""min_child_weight"": 5.266555981229908, ""n_estimators"": 150, ""reg_alpha"": 3.0546275517175463, ""reg_lambda"": 0.42043152838347025, ""subsample"": 0.8812075835580712, ""weighting"": ""sqrt""}"
risk_trial_7,train_grouped_cv_selection,,,,,,,,,,,,,PRUNED,0.6161698155902959,"{""calibration"": ""sigmoid"", ""colsample_bylevel"": 0.9080764576483948, ""colsample_bytree"": 0.7787240964517387, ""critical_weight"": 3.032693085526847, ""feature_set"": ""displacement_health"", ""gamma"": 0.9505501759695987, ""learning_rate"": 0.0942287989236547, ""max_bin"": 128, ""max_delta_step"": 0.4514488502720415, ""max_depth"": 3, ""min_child_weight"": 19.584836960531472, ""n_estimators"": 650, ""reg_alpha"": 0.04078184019219929, ""reg_lambda"": 2.1241190684399696, ""subsample"": 0.8912865394447438, ""weighting"": ""inverse""}"
risk_trial_8,train_grouped_cv_selection,0.7445152696556206,0.8688953652476793,0.7264888477533478,0.04190051118848332,0.03876674255466913,0.20092139641443887,0.056485429248101536,1.0,,,,,COMPLETE,0.9474984592181074,"{""calibration"": ""none"", ""colsample_bylevel"": 0.9693348383452453, ""colsample_bytree"": 0.973642766397497, ""critical_weight"": 3.7012541714899916, ""feature_set"": ""displacement_physics"", ""gamma"": 1.364265404201034, ""learning_rate"": 0.15886530774967705, ""max_bin"": 128, ""max_delta_step"": 4.0861110010060795, ""max_depth"": 3, ""min_child_weight"": 3.019596192118852, ""n_estimators"": 550, ""reg_alpha"": 0.00029512200940308783, ""reg_lambda"": 4.313804987283086, ""subsample"": 0.6453894084962356, ""weighting"": ""inverse""}"
risk_trial_9,train_grouped_cv_selection,,,,,,,,,,,,,PRUNED,0.8332200296703108,"{""calibration"": ""isotonic"", ""colsample_bylevel"": 0.7522992629041574, ""colsample_bytree"": 0.8622501708808565, ""critical_weight"": 3.1365376640426077, ""feature_set"": ""displacement_physics"", ""gamma"": 0.6465148563784551, ""learning_rate"": 0.08879215625606632, ""max_bin"": 256, ""max_delta_step"": 0.025307919231093434, ""max_depth"": 5, ""min_child_weight"": 2.5733485516155192, ""n_estimators"": 650, ""reg_alpha"": 3.786895135764705e-05, ""reg_lambda"": 4.4012327385986945, ""subsample"": 0.9594216754108317, ""weighting"": ""none""}"
risk_trial_10,train_grouped_cv_selection,0.7491026640675763,0.8730325531396015,0.7241489950651157,0.04025514079236824,0.03803248346307144,0.14251352129174588,0.03273542117041813,1.0,,,,,COMPLETE,0.9524724465450282,"{""calibration"": ""sigmoid"", ""colsample_bylevel"": 0.9584982771312303, ""colsample_bytree"": 0.7451432311265443, ""critical_weight"": 1.105644074916389, ""feature_set"": ""displacement_physics"", ""gamma"": 3.5209444856875844, ""learning_rate"": 0.05362300146084949, ""max_bin"": 128, ""max_delta_step"": 4.6095611478255964, ""max_depth"": 6, ""min_child_weight"": 4.449799631552483, ""n_estimators"": 150, ""reg_alpha"": 0.9749506108988133, ""reg_lambda"": 0.7335650819199291, ""subsample"": 0.9022750545029153, ""weighting"": ""sqrt""}"
risk_trial_11,train_grouped_cv_selection,0.7531397011046134,0.8766686359239065,0.7308587060597568,0.041382378621036574,0.037752071744235866,0.14136478285194262,0.03853277554311669,1.0,,,,,COMPLETE,0.9577258670991751,"{""calibration"": ""sigmoid"", ""colsample_bylevel"": 0.9702022720879208, ""colsample_bytree"": 0.8150039351048834, ""critical_weight"": 1.538022581397366, ""feature_set"": ""displacement_physics"", ""gamma"": 1.9318382050290115, ""learning_rate"": 0.09152625689496835, ""max_bin"": 128, ""max_delta_step"": 3.2160904006190445, ""max_depth"": 6, ""min_child_weight"": 3.9049394944930804, ""n_estimators"": 150, ""reg_alpha"": 0.009915894462785287, ""reg_lambda"": 2.5657925400099844, ""subsample"": 0.9231363439846648, ""weighting"": ""sqrt""}"
risk_trial_12,train_grouped_cv_selection,0.7420214424951267,0.8761436878806471,0.7442000757905918,0.03734302944617151,0.03299038278151941,0.14377896440590682,0.03888751406836928,1.0,,,,,COMPLETE,0.9478630032562829,"{""calibration"": ""sigmoid"", ""colsample_bylevel"": 0.9708768935693244, ""colsample_bytree"": 0.7035017625465741, ""critical_weight"": 2.4361144006752147, ""feature_set"": ""displacement_physics"", ""gamma"": 2.268700672002822, ""learning_rate"": 0.07122887197902142, ""max_bin"": 128, ""max_delta_step"": 4.692164329906378, ""max_depth"": 6, ""min_child_weight"": 4.039111641438262, ""n_estimators"": 350, ""reg_alpha"": 0.012957521672075981, ""reg_lambda"": 0.5306070369999196, ""subsample"": 0.9859552837977923, ""weighting"": ""sqrt""}"
risk_trial_13,train_grouped_cv_selection,0.7507186484730345,0.87544059342357,0.7350167029024607,0.041234692816587586,0.036992970928363456,0.1417565822385719,0.03621604888805871,1.0,,,,,COMPLETE,0.955536407776816,"{""calibration"": ""sigmoid"", ""colsample_bylevel"": 0.8864346044881002, ""colsample_bytree"": 0.8066932158663763, ""critical_weight"": 1.1011746396164983, ""feature_set"": ""displacement_physics"", ""gamma"": 2.629746525243538, ""learning_rate"": 0.10292033368559253, ""max_bin"": 128, ""max_delta_step"": 2.627540643683309, ""max_depth"": 6, ""min_child_weight"": 3.277436507405401, ""n_estimators"": 150, ""reg_alpha"": 0.0029959972866419266, ""reg_lambda"": 2.5897030560180263, ""subsample"": 0.8849153884522573, ""weighting"": ""sqrt""}"
risk_trial_14,train_grouped_cv_selection,0.7460935672514619,0.8731022780374146,0.7188207567050489,0.03940104939565259,0.03732894544693222,0.14397449592837377,0.03602307019644615,1.0,,,,,COMPLETE,0.948940984627579,"{""calibration"": ""sigmoid"", ""colsample_bylevel"": 0.972934975788208, ""colsample_bytree"": 0.8988707588621255, ""critical_weight"": 1.4679957214534416, ""feature_set"": ""displacement_physics"", ""gamma"": 3.5827916148134764, ""learning_rate"": 0.12711471236921099, ""max_bin"": 128, ""max_delta_step"": 3.225231144400076, ""max_depth"": 6, ""min_child_weight"": 3.725232022663, ""n_estimators"": 150, ""reg_alpha"": 0.17799872573826223, ""reg_lambda"": 4.166657242183408, ""subsample"": 0.9274649039551571, ""weighting"": ""sqrt""}"
risk_trial_15,train_grouped_cv_selection,0.7591689408706953,0.8761696411033474,0.7160784408475576,0.04058629127911493,0.03949066525024809,0.14167342693806917,0.050848136630033326,1.0,,,,,COMPLETE,0.9622022311209532,"{""calibration"": ""sigmoid"", ""colsample_bylevel"": 0.8991202431491853, ""colsample_bytree"": 0.8699165695041238, ""critical_weight"": 1.4690072263568765, ""feature_set"": ""displacement_physics"", ""gamma"": 2.3582754174375777, ""learning_rate"": 0.11549300012384892, ""max_bin"": 128, ""max_delta_step"": 4.027861336679006, ""max_depth"": 6, ""min_child_weight"": 5.413127860165442, ""n_estimators"": 250, ""reg_alpha"": 0.00040586389695981666, ""reg_lambda"": 0.6318412049604699, ""subsample"": 0.8828228497738542, ""weighting"": ""none""}"
risk_trial_16,train_grouped_cv_selection,0.7440604288499024,0.8756364632187813,0.7259829064637532,0.039993766184743006,0.03696595709183582,0.14253460129291426,0.04061460439689174,1.0,,,,,COMPLETE,0.948004188979095,"{""calibration"": ""sigmoid"", ""colsample_bylevel"": 0.9914758009464343, ""colsample_bytree"": 0.8895153415519391, ""critical_weight"": 1.549498156249438, ""feature_set"": ""displacement_physics"", ""gamma"": 2.1465489932247737, ""learning_rate"": 0.12792398689327558, ""max_bin"": 128, ""max_delta_step"": 4.121296945910693, ""max_depth"": 6, ""min_child_weight"": 7.293683340835441, ""n_estimators"": 250, ""reg_alpha"": 0.0011455311714300706, ""reg_lambda"": 0.7459167107543077, ""subsample"": 0.8433528478399113, ""weighting"": ""sqrt""}"
risk_trial_17,train_grouped_cv_selection,0.7561708901884341,0.8748510075026834,0.7132516406698102,0.04037576198400999,0.0396845725879137,0.14260695945670235,0.04887546634146,1.0,,,,,COMPLETE,0.9587237053808175,"{""calibration"": ""sigmoid"", ""colsample_bylevel"": 0.9012583147208728, ""colsample_bytree"": 0.898899118502184, ""critical_weight"": 2.146663251564668, ""feature_set"": ""displacement_physics"", ""gamma"": 2.55224118996422, ""learning_rate"": 0.13105149840980368, ""max_bin"": 128, ""max_delta_step"": 2.9877892789422145, ""max_depth"": 6, ""min_child_weight"": 8.562787051016226, ""n_estimators"": 350, ""reg_alpha"": 0.001015267241985617, ""reg_lambda"": 0.23822997033417287, ""subsample"": 0.9553332117114502, ""weighting"": ""none""}"
risk_trial_18,train_grouped_cv_selection,0.7490292397660818,0.8720816509346783,0.7302364057461715,0.04000352578504628,0.03480336111243685,0.13683166106541952,0.011352913018677684,1.0,,,,,COMPLETE,0.9528651279809007,"{""calibration"": ""isotonic"", ""colsample_bylevel"": 0.9058000263396627, ""colsample_bytree"": 0.79426820431355, ""critical_weight"": 2.005163463696358, ""feature_set"": ""displacement_physics"", ""gamma"": 2.812381797686699, ""learning_rate"": 0.16546820461180942, ""max_bin"": 128, ""max_delta_step"": 2.8134261392008275, ""max_depth"": 6, ""min_child_weight"": 10.794981451922396, ""n_estimators"": 350, ""reg_alpha"": 0.00025010667844140537, ""reg_lambda"": 1.5498735512943214, ""subsample"": 0.8933415535186628, ""weighting"": ""none""}"
risk_trial_19,train_grouped_cv_selection,0.7500890188434047,0.876942090542835,0.7309805814084367,0.03933811775965732,0.036782782233695833,0.1417008939161025,0.05140913626072766,1.0,,,,,COMPLETE,0.9547283905656737,"{""calibration"": ""sigmoid"", ""colsample_bylevel"": 0.8911885087001034, ""colsample_bytree"": 0.8445460272584682, ""critical_weight"": 2.888002911609518, ""feature_set"": ""displacement_physics"", ""gamma"": 1.7400454093230442, ""learning_rate"": 0.09078828407139028, ""max_bin"": 128, ""max_delta_step"": 1.8356658725036743, ""max_depth"": 6, ""min_child_weight"": 7.5413191463568205, ""n_estimators"": 250, ""reg_alpha"": 8.300716324742898e-05, ""reg_lambda"": 0.6936238634512488, ""subsample"": 0.9266124716830456, ""weighting"": ""none""}"
if_trial_0,train_grouped_cv_selection,,,,,,,,1.0,0.39068763304820525,0.04583768752143887,0.5480315330530909,0.7006558725690786,COMPLETE,0.4728923630061689,"{""bootstrap"": true, ""feature_set"": ""displacement_physics"", ""max_features"": 0.5779972601681014, ""max_samples"": 128, ""n_estimators"": 150}"
if_trial_1,train_grouped_cv_selection,,,,,,,,1.0,0.3984569419025196,0.04534854182021819,0.5223636385347267,0.705158445151484,COMPLETE,0.47681148768272863,"{""bootstrap"": true, ""feature_set"": ""displacement_health"", ""max_features"": 0.5917022549267169, ""max_samples"": 128, ""n_estimators"": 100}"
if_trial_2,train_grouped_cv_selection,,,,,,,,1.0,0.42235695824512726,0.04691411153187782,0.6031954673589969,0.7163968870547487,COMPLETE,0.5128362783489768,"{""bootstrap"": true, ""feature_set"": ""displacement_health"", ""max_features"": 0.8925879806965068, ""max_samples"": 1024, ""n_estimators"": 250}"
if_trial_3,train_grouped_cv_selection,,,,,,,,1.0,0.42130975335392673,0.04736208320597051,0.6061870283018872,0.7154448001396277,COMPLETE,0.5122378075992098,"{""bootstrap"": false, ""feature_set"": ""displacement_health"", ""max_features"": 0.9041986740582306, ""max_samples"": 1024, ""n_estimators"": 250}"
if_trial_4,train_grouped_cv_selection,,,,,,,,1.0,0.418153184262978,0.04597807395141388,0.5878976697185349,0.7151055565248726,COMPLETE,0.5063378347207582,"{""bootstrap"": true, ""feature_set"": ""displacement_health"", ""max_features"": 0.831261142176991, ""max_samples"": 512, ""n_estimators"": 100}"
if_trial_5,train_grouped_cv_selection,,,,,,,,,,,,,PRUNED,0.4921142255838654,"{""bootstrap"": true, ""feature_set"": ""displacement_physics"", ""max_features"": 0.9609371175115584, ""max_samples"": 256, ""n_estimators"": 300}"
if_trial_6,train_grouped_cv_selection,,,,,,,,,,,,,PRUNED,0.49442717727434843,"{""bootstrap"": true, ""feature_set"": ""displacement_physics"", ""max_features"": 0.7713480415791243, ""max_samples"": 256, ""n_estimators"": 150}"
if_trial_7,train_grouped_cv_selection,,,,,,,,,,,,,PRUNED,0.5125938452078815,"{""bootstrap"": false, ""feature_set"": ""displacement_health"", ""max_features"": 0.8645035840204937, ""max_samples"": 512, ""n_estimators"": 250}"
if_trial_8,train_grouped_cv_selection,,,,,,,,,,,,,PRUNED,0.48579993547740696,"{""bootstrap"": false, ""feature_set"": ""displacement_health"", ""max_features"": 0.6625916610133735, ""max_samples"": 128, ""n_estimators"": 300}"
if_trial_9,train_grouped_cv_selection,,,,,,,,1.0,0.42779724590563867,0.04693493490366921,0.5821564778983656,0.7191443318582421,COMPLETE,0.5151207175903935,"{""bootstrap"": false, ""feature_set"": ""displacement_physics"", ""max_features"": 0.7468977981821954, ""max_samples"": 1024, ""n_estimators"": 100}"
if_trial_10,train_grouped_cv_selection,,,,,,,,1.0,0.43364207945218913,0.046407971514149875,0.5796215319219021,0.7226710812232252,COMPLETE,0.5205853092404744,"{""bootstrap"": false, ""feature_set"": ""displacement_physics"", ""max_features"": 0.5208761718993881, ""max_samples"": 1024, ""n_estimators"": 100}"
if_trial_11,train_grouped_cv_selection,,,,,,,,1.0,0.43364207945218913,0.046407971514149875,0.5796215319219021,0.7226710812232252,COMPLETE,0.5205853092404744,"{""bootstrap"": false, ""feature_set"": ""displacement_physics"", ""max_features"": 0.511318638639258, ""max_samples"": 1024, ""n_estimators"": 100}"
if_trial_12,train_grouped_cv_selection,,,,,,,,1.0,0.4373594092447828,0.04638715201072711,0.5769808007991919,0.7246191381578567,COMPLETE,0.5239065293646615,"{""bootstrap"": false, ""feature_set"": ""displacement_physics"", ""max_features"": 0.5019474065380636, ""max_samples"": 1024, ""n_estimators"": 150}"
if_trial_13,train_grouped_cv_selection,,,,,,,,,,,,,PRUNED,0.5114318603005228,"{""bootstrap"": false, ""feature_set"": ""displacement_physics"", ""max_features"": 0.6768805571335, ""max_samples"": 1024, ""n_estimators"": 200}"
if_trial_14,train_grouped_cv_selection,,,,,,,,,,,,,PRUNED,0.48769533144024546,"{""bootstrap"": false, ""feature_set"": ""displacement_physics"", ""max_features"": 0.5432244273894205, ""max_samples"": 256, ""n_estimators"": 200}"
if_trial_15,train_grouped_cv_selection,,,,,,,,,,,,,PRUNED,0.49938932221061844,"{""bootstrap"": false, ""feature_set"": ""displacement_physics"", ""max_features"": 0.6410424165789129, ""max_samples"": 512, ""n_estimators"": 100}"
if_trial_16,train_grouped_cv_selection,,,,,,,,,,,,,PRUNED,0.5179782757781465,"{""bootstrap"": false, ""feature_set"": ""displacement_health"", ""max_features"": 0.5531687888994453, ""max_samples"": 1024, ""n_estimators"": 150}"
if_trial_17,train_grouped_cv_selection,,,,,,,,1.0,0.43363207198604203,0.04580269594546638,0.5854381954223867,0.7231243346348846,COMPLETE,0.5214478012994,"{""bootstrap"": true, ""feature_set"": ""displacement_physics"", ""max_features"": 0.5155285471343724, ""max_samples"": 1024, ""n_estimators"": 150}"
if_trial_18,train_grouped_cv_selection,,,,,,,,1.0,0.43363207198604203,0.04580269594546638,0.5854381954223867,0.7231243346348846,COMPLETE,0.5214478012994,"{""bootstrap"": true, ""feature_set"": ""displacement_physics"", ""max_features"": 0.5110916071376792, ""max_samples"": 1024, ""n_estimators"": 150}"
if_trial_19,train_grouped_cv_selection,,,,,,,,,,,,,PRUNED,0.5156605710486862,"{""bootstrap"": true, ""feature_set"": ""displacement_physics"", ""max_features"": 0.6392495456537224, ""max_samples"": 1024, ""n_estimators"": 100}"
