,displacement,displacement,rolling_mean,rolling_mean,rolling_std,rolling_std,rolling_min,rolling_min,rolling_max,rolling_max,slope,slope,velocity,velocity,acceleration,acceleration,trend,trend,persistence,persistence,change_point_score,change_point_score,packet_loss,packet_loss,missing_ratio,missing_ratio,stuck_sensor_flag,stuck_sensor_flag,drift_score,drift_score,expected_displacement,expected_displacement,physics_residual,physics_residual,physics_residual_velocity,physics_residual_velocity
,mean,std,mean,std,mean,std,mean,std,mean,std,mean,std,mean,std,mean,std,mean,std,mean,std,mean,std,mean,std,mean,std,mean,std,mean,std,mean,std,mean,std,mean,std
scenario_family,,,,,,,,,,,,,,,,,,,,,,,,,,,,,,,,,,,,
E_communication_failure,0.0030824479066761897,0.06707103278703193,0.004874146125714213,0.058928238131497175,0.024497490554454156,0.016743045212323848,-0.02131176796621822,0.0625612242249034,0.030413940333226447,0.06046670724521988,6.742681993822619e-05,0.00494133637331704,-0.0015808992467043314,0.07042624373227459,0.01505757705976368,0.7057166667273164,0.003978191460417587,0.29153924016267735,0.11972924311779178,0.38393748125594424,1.3666939127331048,1.620590930203402,0.08333333333333333,0.14169908114884663,0.0,0.0,0.0,0.0,0.8631652484235927,0.6560393234999967,31.730622572948302,79.79486409117419,-31.727540125041628,79.79362558472748,-1.5770836802093093,4.110697263299399
E_irregular_subsidence,7.837710167697021,18.97241743543478,8.012003024090319,16.588093471270977,4.378566764154414,9.980383664814703,3.2126584617794487,10.330505738654299,12.422900753285992,25.36182885621447,0.13971412712006004,0.8093497187847272,0.3284798050210272,8.262539632703396,-0.06301668446979525,6.576918158337478,8.243133516359165,47.75162084064204,0.11737010759310475,0.28938816414794055,1.041350652215543,0.7565630984649282,0.0,0.0,0.0,0.0,0.0,0.0,6.476735344084244,7.650096961453159,34.23086822367521,70.626494400734,-26.39315805597819,56.25184554844168,-1.9028491207223686,8.293844312434288
E_multiple_zones,47.53409140729432,68.43435752605644,39.91256560567807,57.60379047326878,6.9150450522161595,10.132781844112273,32.20916345323721,46.96753807880222,47.535500434944865,68.43337972078845,0.6517551573928861,0.8587674311326456,3.9120554804847547,5.147297376534093,-0.01607713292971832,0.5905167029795557,38.4535520529136,50.66727077629977,0.41530699080455225,0.49154037662906147,1.9691510600173006,1.0674166707669508,0.0,0.0,0.0,0.0,0.0,0.0,176.4198734396233,235.83250886889562,31.96803673501686,63.83391642853017,15.566054672277458,46.901669462146245,1.8872214453606984,3.2872154450439273
E_packet_loss,0.008806574282725714,0.0679148813573459,0.011366949656315007,0.06009011892762928,0.027226088768135617,0.01873451466593744,-0.01769377709048856,0.06425155552442786,0.040038952019561994,0.06151399600988507,-0.000143179367402452,0.0038633314150890888,-0.0022688847742486826,0.07421073324794378,-0.01333070903487435,0.6217452778509053,-0.00844754758206675,0.2279366073561246,0.10256020545683778,0.3727286288463733,1.2890893700587907,0.9747311866144421,0.04726112667289138,0.02918536337843139,0.0,0.0,0.0,0.0,0.8217374621007141,0.646178372394372,49.70156333465857,93.00913396757673,-49.69275676037585,93.00914343438048,-2.4702386530019385,4.812100848178389
E_sensor_bias,1.4324967500765227,0.6111168071955448,1.17370691357387,0.5990813391176002,0.2650291663117562,0.15957254868386317,0.8730131684879093,0.6041296328860051,1.4417655157330884,0.619490182997547,0.02148191299960631,0.02097979182712295,0.1105096502778167,0.1266101239294361,-0.027009493872898267,0.612492743602531,1.2674318582824633,1.2378082074272772,0.29921168784926166,0.4981539639590134,4.110544044535655,7.8055838438811325,0.0,0.0,0.0,0.0,0.0,0.0,6.156597091472003,5.42347577873322,10.239637747481174,35.31680218228824,-8.807140997404652,35.28061806489436,-0.39774532565596904,1.8127224509649447
E_sensor_drift,37.09575429055266,29.86776048633171,24.29946236334997,22.158087683590182,10.731442529751705,6.824774907590795,12.721314147034143,14.782511171694038,37.09575429055266,29.86776048633171,1.07529663806707,0.5140942353225882,6.4597548791490125,2.7874313716655292,0.5019335759698277,0.7997812924899921,63.44253533681327,30.33158979586883,0.44418870239657404,0.4968337853170393,1.9986658966447608,0.9124220570688127,0.0,0.0,0.0,0.0,0.0,0.0,265.3182570856637,162.53595372544663,24.539485940256487,54.66368037766076,12.556268350296174,59.448721504437145,4.655889660302174,4.034063852398507
E_sensor_dropout,0.004785081454619564,0.07718901794072781,0.0052140633004746926,0.06781978956553493,0.029353538012161257,0.021792959523974382,-0.026056830350652954,0.07199387538775755,0.03642916734443248,0.07234032473295741,-5.284574417022903e-05,0.004455821596306019,-0.0009333749824905452,0.07077655603231504,-0.020589868070934974,0.6456794780407933,-0.003117906807127524,0.2628935432917844,0.08027553501410487,0.379824865902556,1.2737804908417318,0.925909788445954,0.0,0.0,0.0,0.0,0.0,0.0,0.8080127810672784,0.687621959227144,16.617398572869355,41.95447083810791,-16.612613491414738,41.96724795375808,-0.8255397130156928,2.161897455022035
E_sensor_spike,0.02453484299145299,0.36811378908483117,0.012117805269468186,0.3055752916898951,0.10822240386052207,0.12283550549225523,-0.09573784837606839,0.3143188607139515,0.12207624210826211,0.33770501100780104,0.0006126414857403409,0.021055372500399943,0.0011967165580182523,0.42982917964605444,-0.0354081777188329,3.9058526176627897,0.03614576547967068,1.2422678530024207,0.1305150764573807,0.37332746448451537,1.7070735973149356,3.1922306117251757,0.0,0.0,0.0,0.0,0.0,0.0,3.5934549624487997,4.133339605766262,24.522050888282777,53.975870200044,-24.497516045291327,53.95750249300813,-1.2124767321540877,2.784196465716797
E_sensor_stuck,-0.0009610976273148145,0.09816681735226526,-0.0014076241283275466,0.09840685383431513,0.03167843491503246,0.02569760780772284,-0.03500065881076389,0.10013242026424857,0.031914145703125,0.10299828425038304,1.0126340698419285e-05,0.005751075673058946,0.0012665648834745765,0.07233427445200714,0.006543829202586202,0.5517281112218037,0.0005974120849275098,0.3393135353152614,0.12415107930467167,0.37272049391510087,1.266745566016147,0.8598135380309292,0.0,0.0,0.0,0.0,0.6666666666666666,0.4716092567489108,1.5152943289118666,1.3929915097023768,28.162919026385538,68.05693883254743,-28.163880124012852,68.05179889848937,-1.3989629543939086,3.5080713788312634
E_single_node_disturbance,-0.0006076091087021984,0.067147989240896,0.0007022896429288365,0.062074463953653826,0.02595032705976838,0.01705431448003313,-0.026317374811803674,0.06423936030954006,0.02858802335140018,0.06478073702894638,-0.00014521650636669373,0.003707633302620402,0.0007511128565522947,0.07125361494209631,-0.023054761424165973,0.6212026635847933,-0.008567767364331345,0.21875039537000288,0.10092778980106998,0.3808060744755334,1.3111376599718256,0.946469527222653,0.0,0.0,0.0,0.0,0.0,0.0,0.8205838689651643,0.6443777236951677,28.508112488782118,67.22494733318271,-28.508720097890816,67.21871070207096,-1.4168205197348391,3.46625156886703
E_slow_drift_temperature,0.0454107978904992,0.6848074503549353,0.3237719007555019,0.5509391706671738,0.2473895747094811,0.1738180379552744,0.04175971172302737,0.6806152316145343,0.5978720771658615,0.4069990220352361,-0.02074767150673899,0.019576223973446293,-0.10957619130434783,0.12659723692310887,0.024436755022488755,0.6189354037854751,-1.2241126396710134,1.1549970344593246,0.43955336518971966,0.4917106814001177,2.1607828829200284,1.1344516315230153,0.0,0.0,0.0,0.0,0.0,0.0,6.598901672251018,4.2780658406650645,25.326460946214677,49.5583200964143,-25.28105014832418,49.65388300380859,-1.3737518760132994,2.570204551983188
E_slow_subsidence,5.679298230820106,12.566662635603905,4.735020610475916,10.504793171535997,0.8605067497505282,1.8960385880150679,3.7792058456018522,8.485854649811317,5.688159937103175,12.562678803968002,0.08078551445590045,0.16508521542397478,0.4850459542978209,0.9924340500045127,-0.008059030172413799,0.6184913991000811,4.766345264976868,9.740027472422142,0.2850908361892793,0.4720312891731521,1.674513503880613,1.0222494332689243,0.0,0.0,0.0,0.0,0.0,0.0,21.83363217174029,43.417344587235775,25.180048732604043,53.411032816821916,-19.500750501783937,40.974209418165245,-0.819800846206019,1.8119790881740285
E_vibration_only,0.005900483620689656,0.07141904619859224,0.008345748450138357,0.06492931887770652,0.026294986931469706,0.017777211441972456,-0.01900385766283525,0.06796041197005814,0.03651008449872286,0.06709717112649885,-0.0001888603983226503,0.003666010666860568,-0.004429828170660433,0.07260813907823895,0.01691969678953627,0.6155722488831531,-0.011142798060366419,0.2162946675922091,0.10808268557432604,0.3819986774688714,1.3449715325782563,0.9080798524334923,0.0,0.0,0.0,0.0,0.0,0.0,0.7957460301853934,0.6354822180395402,31.35849726296237,67.85328130981642,-31.35259677934168,67.84778276904177,-1.5589180369061322,3.5020723832700447
