experiment,scope,critical_recall,macro_pr_auc,macro_f1,normal_fpr,normal_critical_fpr,brier,ece,fold,anomaly_recall,anomaly_fpr,anomaly_pr_auc,anomaly_macro_f1,rows,confusion_matrix
original_config_refit,train_grouped_cv_selection,0.7504379467186485,0.8623136795767881,0.7057133227549882,0.0383554589688024,0.0369558959717149,0.1505461633205413,0.0114629640245939,1.0,,,,,,
original_if_refit,train_grouped_cv_selection,,,,,,,,1.0,0.4474491257502691,0.0461256814838682,0.5790118658513265,0.72977529053839,,
optimized_risk,train_grouped_cv_selection,0.7591689408706953,0.8761696411033474,0.7160784408475576,0.0405862912791149,0.039490665250248,0.1416734269380691,0.0508481366300333,1.0,,,,,,
optimized_if,train_grouped_cv_selection,,,,,,,,1.0,0.4373594092447828,0.0463871520107271,0.5769808007991919,0.7246191381578567,,
ablation_displacement_health,train_grouped_cv_selection,0.6859571150097464,0.6735563881166068,0.5534155015580048,0.0498210813636565,0.0482252727527018,0.2046375710780026,0.0469516211179242,1.0,,,,,,
original_config_refit,reserved_development_validation,0.946236559139785,0.9283825324586048,0.7381223841520773,0.0523564927457871,0.0492024871586915,0.1291293054819107,0.0247501579859533,,,,,,14481.0,"[[10516, 35, 546], [928, 1634, 264], [18, 12, 528]]"
optimized_risk,reserved_development_validation,0.9265232974910396,0.9354411407896052,0.7361756696443725,0.0523564927457871,0.0500135171668018,0.118913137358006,0.0351053706349261,,,,,,14481.0,"[[10516, 26, 555], [769, 1709, 348], [28, 13, 517]]"
original_if_refit,reserved_development_validation,,,,,,,,,0.5015822784810127,0.0683685186820952,0.6089668717741478,0.7370894651375431,14481.0,
optimized_if,reserved_development_validation,,,,,,,,,0.5022151898734177,0.0696051585548979,0.6015000257164264,0.7363302922310822,14481.0,
original_config_refit,independent_synthetic_test,0.19555555555555557,0.5343888107364159,0.39202144029926905,0.04888888888888889,0.04888888888888889,0.7605900168418884,0.28865261414536725,,,,,,2700.0,"[[856, 0, 44], [392, 178, 330], [325, 399, 176]]"
optimized_risk,independent_synthetic_test,0.2922222222222222,0.5807484971475386,0.5171887322674241,0.07444444444444444,0.06888888888888889,0.7165641065556072,0.300705286490734,,,,,,2700.0,"[[833, 5, 62], [200, 370, 330], [200, 437, 263]]"
original_if_refit,independent_synthetic_test,,,,,,,,,0.9868073878627969,0.04479917610710608,0.9854437238273496,0.9568146100181201,2700.0,
optimized_if,independent_synthetic_test,,,,,,,,,0.9802110817941952,0.04582904222451081,0.9844834846198449,0.9536473035210221,2700.0,
original_frozen_artifact,independent_synthetic_test,0.10666666666666667,0.5206450439958632,0.46076866204137223,0.13111111111111112,0.01888888888888889,0.8245366134554748,0.35072224828419796,,,,,,2700.0,"[[782, 101, 17], [207, 490, 203], [147, 657, 96]]"
original_frozen_if_artifact,independent_synthetic_test,,,,,,,,,0.9432717678100264,0.021112255406797117,0.9859557322039377,0.9614508879553401,2700.0,
