feature,macro_pr_auc_drop
displacement,0.006080797889151501
rolling_mean,0.011673707004747347
rolling_std,0.005722882091211967
rolling_min,0.2522712658380918
rolling_max,0.00874719829351911
slope,0.04684459293586152
velocity,0.00476747850414716
acceleration,0.0002502897848980501
trend,0.0020416601842024873
persistence,0.0008025889743691339
change_point_score,0.008475683765160835
packet_loss,0.02072721204375194
missing_ratio,0.0
stuck_sensor_flag,0.010160644572744792
drift_score,0.007153789438470004
expected_displacement,0.01971861311883938
physics_residual,0.12888413127608878
physics_residual_velocity,0.18472283869937212
