model,scope,critical_recall,macro_pr_auc,macro_f1,normal_fpr,normal_critical_fpr,brier,ece,fold,rows,confusion_matrix,target
xgboost,grouped_cv_selection,0.9975319041020206,0.9915353009364416,0.9845844306315518,0.0017993654883263,0.0003315649867374,0.0049838555666307,0.0031331622216081,1.0,,,
random_forest,grouped_cv_selection,0.9987659520510104,0.992604989866892,0.9141251622766892,0.002991802598681,0.0023696410817447,0.0055584222284909,0.003369398734834,1.0,,,
two_stage,grouped_cv_selection,0.9980129002093362,0.9919730562652124,0.987644546645472,0.0021871320705668,0.0,0.0052926063071936,0.0034329315317767,1.0,,,
ablation_movement,grouped_cv_selection,0.9980129002093362,0.9919660113811856,0.987644546645472,0.0021871320705668,0.0,0.0052935072065641,0.0034337240592114,1.0,,,
ablation_displacement,grouped_cv_selection,0.985307867105151,0.991086959962725,0.9822629831091724,0.0028502620440416,0.0006631299734748,0.005054859444499,0.0035259905506523,1.0,,,
original_hyperparameters_refit,grouped_cv_selection,0.9987845479046662,0.9891000907557062,0.9722637417650964,0.0012909253825708,0.0010875493402686,0.0054300716146826,0.003293642834881,1.0,,,
physics_rule,grouped_cv_selection,0.9937421777221528,0.9977335577337308,0.9910597590838418,0.0003167229729729,0.0,0.0041892968883468,0.001924243543819,,11520.0,"[[9469, 3, 0], [10, 436, 4], [8, 2, 1588]]",
xgboost,reserved_noisy_development_validation,0.9878048780487805,0.9437550674354963,0.833391130118094,0.00025933609958506224,0.0,0.011133739724755287,0.005211616271278957,,4608.0,"[[3855, 1, 0], [60, 36, 0], [1, 7, 648]]",local_severity_v1
random_forest,reserved_noisy_development_validation,0.9832317073170732,0.9767308687350408,0.8323132694510814,0.0,0.0,0.007467412095554037,0.00275975518338428,,4608.0,"[[3856, 0, 0], [61, 34, 1], [9, 2, 645]]",local_severity_v1
two_stage,reserved_noisy_development_validation,0.9847560975609756,0.9395570975755668,0.8316176091827354,0.00025933609958506224,0.0,0.010980630293488503,0.0040820630060301455,,4608.0,"[[3855, 1, 0], [60, 36, 0], [2, 8, 646]]",local_severity_v1
original_hyperparameters_refit,reserved_noisy_development_validation,0.9847560975609756,0.9357037946519765,0.9602774165381346,0.004927385892116182,0.0,0.010799568146467209,0.005502973204582081,,4608.0,"[[3837, 19, 0], [1, 95, 0], [7, 3, 646]]",local_severity_v1
selected,reserved_noisy_development_validation,0.9847560975609756,0.9395570975755668,0.8316176091827354,0.00025933609958506224,0.0,0.010980630293488503,0.0040820630060301455,,4608.0,"[[3855, 1, 0], [60, 36, 0], [2, 8, 646]]",local_severity_v1
selected_vs_legacy_scenario_labels,reserved_noisy_development_validation,0.3773148148148148,0.42771498258426993,0.4228626747048183,0.0003156565656565657,0.0,0.513924777507782,0.2565897072717133,,4608.0,"[[3167, 1, 0], [487, 38, 483], [263, 6, 163]]",legacy_scenario_taxonomy_different_task
physics_rule,reserved_noisy_development_validation,0.9954268292682927,0.9880220321591854,0.9828388829056367,0.001037344398340249,0.0,0.0040349103245583716,0.0016421642077768025,,4608.0,"[[3852, 4, 0], [2, 92, 2], [2, 1, 653]]",local_severity_v1
xgboost,independent_unseen_shape_test,0.9738175675675675,0.9713017390195606,0.8899150932502241,0.00013819789939192924,0.0,0.00974122155457735,0.0038233949216427503,,8640.0,"[[7235, 1, 0], [100, 120, 0], [25, 6, 1153]]",local_severity_v1
random_forest,independent_unseen_shape_test,0.9839527027027027,0.9870193691820943,0.8736139303702212,0.0,0.0,0.004590334685882301,0.0027766106363077666,,8640.0,"[[7236, 0, 0], [116, 104, 0], [17, 2, 1165]]",local_severity_v1
two_stage,independent_unseen_shape_test,0.9864864864864865,0.9739819226356129,0.8917692899022341,0.00013819789939192924,0.0,0.008308108896017075,0.003587205011259605,,8640.0,"[[7235, 1, 0], [100, 120, 0], [9, 7, 1168]]",local_severity_v1
original_hyperparameters_refit,independent_unseen_shape_test,0.9822635135135135,0.9701316277508223,0.9786677334731806,0.0020729684908789387,0.0,0.005762538406997919,0.0030296218064096237,,8640.0,"[[7221, 15, 0], [4, 216, 0], [16, 5, 1163]]",local_severity_v1
selected,independent_unseen_shape_test,0.9864864864864865,0.9739819226356129,0.8917692899022341,0.00013819789939192924,0.0,0.008308108896017075,0.003587205011259605,,8640.0,"[[7235, 1, 0], [100, 120, 0], [9, 7, 1168]]",local_severity_v1
selected_vs_legacy_scenario_labels,independent_unseen_shape_test,0.41134751773049644,0.43957391357466086,0.4385236689089049,0.0,0.0,0.4978986382484436,0.2481321457980408,,8640.0,"[[5940, 0, 0], [959, 75, 820], [445, 53, 348]]",legacy_scenario_taxonomy_different_task
physics_rule,independent_unseen_shape_test,0.995777027027027,0.9975671393426252,0.9844374520005498,0.000552791597567717,0.0,0.003572786660379234,0.0011768396389028506,,8640.0,"[[7232, 4, 0], [5, 209, 6], [2, 3, 1179]]",local_severity_v1
original_frozen_cross_task_diagnostic,independent_unseen_shape_test,0.03547297297297297,0.40997065279462275,0.3387730556519657,0.25594250967385296,0.017136539524599224,0.46514671866637103,0.1895042397172228,,8640.0,"[[5384, 1728, 124], [30, 179, 11], [201, 941, 42]]",local_severity_v1_not_original_training_target
original_frozen_legacy_taxonomy,independent_unseen_shape_test,0.0673758865248227,0.5206265753301899,0.49880093077158344,0.18164983164983164,0.01026936026936027,0.40811050238927105,0.15320505488755254,,8640.0,"[[4861, 1018, 61], [517, 1278, 59], [237, 552, 57]]",legacy_scenario_taxonomy
