model,metric,mean,std,unit,folds,split,source_file,source_key
Threshold rule,Macro PR-AUC,0.3702730284,0.002079029883,fraction,3,grouped_cv,reports/tuning/baselines.json,models.threshold_rule.folds
Threshold rule,Critical recall,0.05809932977,0.01265660121,fraction,3,grouped_cv,reports/tuning/baselines.json,models.threshold_rule.folds
Threshold rule,Macro F1,0.4111786467,0.004560405606,fraction,3,grouped_cv,reports/tuning/baselines.json,models.threshold_rule.folds
Threshold rule,Normal false-alarm rate,0.2031290216,0.001277754199,fraction,3,grouped_cv,reports/tuning/baselines.json,models.threshold_rule.folds
Logistic regression (C=10),Macro PR-AUC,0.5568042896,0.01821134449,fraction,3,grouped_cv,reports/tuning/baselines.json,models.logistic.folds
Logistic regression (C=10),Critical recall,0.6395982451,0.08165040124,fraction,3,grouped_cv,reports/tuning/baselines.json,models.logistic.folds
Logistic regression (C=10),Macro F1,0.4855133164,0.00174589501,fraction,3,grouped_cv,reports/tuning/baselines.json,models.logistic.folds
Logistic regression (C=10),Normal false-alarm rate,0.3845903477,0.01039220273,fraction,3,grouped_cv,reports/tuning/baselines.json,models.logistic.folds
Default XGBoost,Macro PR-AUC,0.9008595782,0.008259128956,fraction,3,grouped_cv,reports/tuning/baselines.json,models.xgboost_default.folds
Default XGBoost,Critical recall,0.6626078272,0.05481313739,fraction,3,grouped_cv,reports/tuning/baselines.json,models.xgboost_default.folds
Default XGBoost,Macro F1,0.8297355355,0.008465652479,fraction,3,grouped_cv,reports/tuning/baselines.json,models.xgboost_default.folds
Default XGBoost,Normal false-alarm rate,0.02154651743,0.001572272373,fraction,3,grouped_cv,reports/tuning/baselines.json,models.xgboost_default.folds
Tuned XGBoost,Macro PR-AUC,0.8907758417,0.006443926255,fraction,3,grouped_cv,reports/tuning/tuned_cv_metrics.json,risk_models.xgboost_tuned.mean.pr_auc_macro
Tuned XGBoost,Critical recall,0.8170133644,0.04711427706,fraction,3,grouped_cv,reports/tuning/tuned_cv_metrics.json,risk_models.xgboost_tuned.mean.recall_critical
Tuned XGBoost,Macro F1,0.7259906448,0.00637579769,fraction,3,grouped_cv,reports/tuning/tuned_cv_metrics.json,risk_models.xgboost_tuned.mean.f1_macro
Tuned XGBoost,Normal false-alarm rate,0.1608714286,0.004979786052,fraction,3,grouped_cv,reports/tuning/tuned_cv_metrics.json,risk_models.xgboost_tuned.mean.false_alarm_rate_normal
