stat,value,unit,source_file,source_key,split
Generated event sequences,10000,events,data/synthetic/dataset_manifest.json,row_counts.sequences_generated,synthetic_corpus
Generated sensor observations,1440000,rows,data/synthetic/dataset_manifest.json,row_counts.synthetic_nodes_rows,synthetic_corpus
Post-fix feature windows,90000,windows,data/synthetic/dataset_manifest.json,feature_store.n_windows,synthetic_corpus
Window length,60,timesteps,data/synthetic/dataset_manifest.json,feature_store.window_steps,synthetic_corpus
Window stride,10,timesteps,data/synthetic/dataset_manifest.json,feature_store.stride_steps,synthetic_corpus
Scenario families,16,families,data/synthetic/dataset_manifest.json,scenario_parameters.scenario_types,synthetic_corpus
Development training events,6516,events,data/synthetic/dataset_manifest.json,split_definition.event_counts.train,train
Development validation events,1609,events,data/synthetic/dataset_manifest.json,split_definition.event_counts.validation,validation
Fresh locked test events,1875,events,reports/final_eval.json,evaluation.events,locked_test
Fresh locked test windows,16875,windows,reports/final_eval.json,evaluation.windows,locked_test
Locked test seed,20260929,seed,reports/test_lock.json,seed,locked_test
Locked test evaluations used,1,evaluations,reports/test_lock.json,evals_run,locked_test
Tuned XGBoost active inputs,33,features,reports/tuning/tuned_cv_metrics.json,protocol.feature_count,grouped_cv
Tuned IF active inputs,33,features,configs/model_params.yaml,isolation_forest.features,train
Locked test NORMAL support,5625,windows,reports/final_eval.json,risk_models.tuned_xgboost.per_class.NORMAL.support,locked_test
Locked test WARNING support,5625,windows,reports/final_eval.json,risk_models.tuned_xgboost.per_class.WARNING.support,locked_test
Locked test CRITICAL support,5625,windows,reports/final_eval.json,risk_models.tuned_xgboost.per_class.CRITICAL.support,locked_test
Nodes per event in current corpus,1,node/event,reports/acceptance_criteria.md,: one node per event,synthetic_corpus
