model,class,precision,recall,f1,support,split,source_file,source_key
Tuned XGBoost,NORMAL,0.6853658537,0.8492444444,0.7585549821,5625,locked_test,reports/final_eval.json,risk_models.tuned_xgboost.per_class.NORMAL
Tuned XGBoost,WARNING,0.3772439949,0.5304888889,0.4409309198,5625,locked_test,reports/final_eval.json,risk_models.tuned_xgboost.per_class.WARNING
Tuned XGBoost,CRITICAL,0.2631578947,0.09333333333,0.1377952756,5625,locked_test,reports/final_eval.json,risk_models.tuned_xgboost.per_class.CRITICAL
Default XGBoost,NORMAL,0.653159672,0.9628444444,0.7783286628,5625,locked_test,reports/final_eval.json,risk_models.default_xgboost.per_class.NORMAL
Default XGBoost,WARNING,0.4185892336,0.5612444444,0.4795321637,5625,locked_test,reports/final_eval.json,risk_models.default_xgboost.per_class.WARNING
Default XGBoost,CRITICAL,0.2468780019,0.04568888889,0.07710771077,5625,locked_test,reports/final_eval.json,risk_models.default_xgboost.per_class.CRITICAL
Logistic regression,NORMAL,0.6758842444,0.3736888889,0.4812821981,5625,locked_test,reports/final_eval.json,risk_models.logistic_regression.per_class.NORMAL
Logistic regression,WARNING,0.2236024845,0.1984,0.2102486812,5625,locked_test,reports/final_eval.json,risk_models.logistic_regression.per_class.WARNING
Logistic regression,CRITICAL,0.4904262594,0.7649777778,0.5976803945,5625,locked_test,reports/final_eval.json,risk_models.logistic_regression.per_class.CRITICAL
Threshold rule,NORMAL,0.5712661499,0.9825777778,0.7224836601,5625,locked_test,reports/final_eval.json,risk_models.threshold_rule.per_class.NORMAL
Threshold rule,WARNING,0.3786441869,0.3832888889,0.380952381,5625,locked_test,reports/final_eval.json,risk_models.threshold_rule.per_class.WARNING
Threshold rule,CRITICAL,0.1553784861,0.0416,0.06562894405,5625,locked_test,reports/final_eval.json,risk_models.threshold_rule.per_class.CRITICAL
