arm,split,precision,recall,f1,pr_auc,brier,ece,mean_iou_hotspots,median_lead_h,p10_lead_h,missed_rate,false_alarms_per_day
A_sensors_only,train,0.4133220502901354,0.2872626449336246,0.33895112521066717,0.34666534724924397,0.0403347296640065,0.010309258950062239,0.0882094675500918,0.6,0.0,0.9331189710610932,0.7466153846153846
A_sensors_only,validation,0.4249621020717534,0.28508474576271187,0.34124568878068573,0.34769266207197225,0.05056626528664376,0.004130203642396934,0.0864847089773101,0.0,0.0,0.9390402075226978,0.7003076923076923
A_sensors_only,test,0.7042010358718588,0.8537209302325581,0.7717859770839904,0.8450935424456465,0.5878261524852358,0.266682629889029,0.41719675367405135,0.6,0.0,0.584518167456556,0.8224
B_add_temporal,train,0.3295804464973056,0.2877667618887582,0.30725755808737776,0.3398829474212389,0.01857030682317534,0.013468789881111172,0.0794969512195122,0.6,0.0,0.9508038585209003,1.071846153846154
B_add_temporal,validation,0.36371453138435084,0.28677966101694913,0.3206974981046247,0.3376757163603002,0.042971291543815425,0.012465873860905271,0.07583091319780574,0.6,0.0,0.9571984435797666,0.9107692307692308
B_add_temporal,test,0.4171211370021484,0.5869767441860465,0.4876823495314463,0.6706938192429117,0.3740246957763936,0.14218227752756188,0.32105263157894737,0.0,0.0,0.6729857819905213,1.8810666666666667
C_add_spatial,train,0.30901989281496955,0.28583431356074607,0.2969752520623281,0.316724456891443,0.014147507137871872,0.013409991769709164,0.07874134296898525,0.6,0.0,0.9511254019292604,1.1703076923076923
C_add_spatial,validation,0.33646003262642743,0.2796610169491525,0.3054424287300999,0.3149548586369012,0.0359995313325076,0.012045055438310606,0.07211538461538461,0.6,0.0,0.959792477302205,1.0012307692307691
C_add_spatial,test,0.4097165991902834,0.5883720930232558,0.4830548926014319,0.6551422476007603,0.3505639583409239,0.13542100863633333,0.3512846865364851,0.0,0.0,0.6666666666666666,1.944
D_add_vibration_health,train,0.27692307692307694,0.28583431356074607,0.2813081407367594,0.3325154307474129,0.012658736460168416,0.013649437936962102,0.07802583439109982,0.6,0.0,0.9511254019292604,1.3666153846153846
D_add_vibration_health,validation,0.3049907578558225,0.2796610169491525,0.2917771883289124,0.3263738142177189,0.03699550266044141,0.010252338935167374,0.07357645553422905,0.6,0.0,0.9559014267185474,1.156923076923077
D_add_vibration_health,test,0.36275921658986177,0.5858139534883721,0.4480611881892565,0.6766821002698975,0.343757721769279,0.12524299918987136,0.33718572587185724,0.0,0.0,0.6398104265402843,2.36
E_add_physics,train,0.28302828618968384,0.28583431356074607,0.2844243792325056,0.33368125828303424,0.012419249613160939,0.01062074345401207,0.07881662149954832,0.6,0.0,0.9514469453376205,1.325846153846154
E_add_physics,validation,0.3073770491803279,0.2796610169491525,0.2928647497337593,0.3290522806093751,0.031882976656443775,0.007879689815716857,0.07165605095541401,0.6,0.0,0.959792477302205,1.144
E_add_physics,test,0.3829428877660389,0.5816279069767442,0.46182254639460807,0.604385010029335,0.5728917512038315,0.26625747970298486,0.060030561012879284,0.0,0.0,0.9352290679304898,2.1493333333333333
F_add_sentinel1,train,0.27140007977662545,0.28583431356074607,0.27843024921226006,0.3403146044031304,0.008848446777068936,0.00893585112971122,0.07755555555555556,0.6,0.0,0.9514469453376205,1.4050769230769231
F_add_sentinel1,validation,0.30657748049052397,0.2796610169491525,0.29250132955149794,0.3386466861967242,0.030913083134714976,0.006218673437069651,0.07204335352247371,0.6,0.0,0.9584954604409858,1.1483076923076923
F_add_sentinel1,test,0.37963101844907754,0.5886046511627907,0.4615665177350232,0.6194088569943067,0.5594857518991851,0.25657323451571995,0.09049380030454644,1.2,0.0,0.9368088467614534,2.2058666666666666
