node_id,window_timestamp,observation_timestamp,staleness_hours,LOS_displacement,LOS_velocity,LOS_acceleration,cumulative_displacement,coherence,spatial_gradient,local_hotspot_density,ps_id,ps_distance_m
V0096,6384.0,2026-09-24,0.0,-0.3417035963614367,0.21227678910585487,-5.5708161633710915,-0.3417035963614367,1.0,0.0,0.0,PS_15042,54.75081091245965
V0296,6384.0,2026-09-24,0.0,-0.3417035963614367,0.21227678910585487,-5.5708161633710915,-0.3417035963614367,1.0,0.0,0.0,PS_15042,201.43044078315276
V0134,6384.0,2026-09-24,0.0,-0.3417035963614367,0.21227678910585487,-5.5708161633710915,-0.3417035963614367,1.0,0.0,0.0,PS_15042,27.352204092340223
V0256,6384.0,2026-09-24,0.0,-0.3417035963614367,0.21227678910585487,-5.5708161633710915,-0.3417035963614367,1.0,0.0,0.0,PS_15042,151.85159939358738
V0135,6384.0,2026-09-24,0.0,-0.3417035963614367,0.21227678910585487,-5.5708161633710915,-0.3417035963614367,1.0,0.0,0.0,PS_15042,2.3567562438236047
V0136,6384.0,2026-09-24,0.0,-0.3417035963614367,0.21227678910585487,-5.5708161633710915,-0.3417035963614367,1.0,0.0,0.0,PS_15042,22.64874237737208
V0336,6384.0,2026-09-24,0.0,-0.3417035963614367,0.21227678910585487,-5.5708161633710915,-0.3417035963614367,1.0,0.0,0.0,PS_15042,251.17630602785738
V0274,6384.0,2026-09-24,0.0,-0.3417035963614367,0.21227678910585487,-5.5708161633710915,-0.3417035963614367,1.0,0.0,0.0,PS_15042,177.27589484663542
V0275,6384.0,2026-09-24,0.0,-0.3417035963614367,0.21227678910585487,-5.5708161633710915,-0.3417035963614367,1.0,0.0,0.0,PS_15042,175.16893025008488
V0254,6384.0,2026-09-24,0.0,-0.3417035963614367,0.21227678910585487,-5.5708161633710915,-0.3417035963614367,1.0,0.0,0.0,PS_15042,152.62400130983005
V0176,6384.0,2026-09-24,0.0,-0.3417035963614367,0.21227678910585487,-5.5708161633710915,-0.3417035963614367,1.0,0.0,0.0,PS_15042,55.029807986047246
V0174,6384.0,2026-09-24,0.0,-0.3417035963614367,0.21227678910585487,-5.5708161633710915,-0.3417035963614367,1.0,0.0,0.0,PS_15042,57.12667769452108
V0154,6384.0,2026-09-24,0.0,-0.3417035963614367,0.21227678910585487,-5.5708161633710915,-0.3417035963614367,1.0,0.0,0.0,PS_15042,37.15911983028342
V0276,6384.0,2026-09-24,0.0,-0.3417035963614367,0.21227678910585487,-5.5708161633710915,-0.3417035963614367,1.0,0.0,0.0,PS_15042,176.61133982913688
V0155,6384.0,2026-09-24,0.0,-0.3417035963614367,0.21227678910585487,-5.5708161633710915,-0.3417035963614367,1.0,0.0,0.0,PS_15042,25.262846590301955
V0156,6384.0,2026-09-24,0.0,-0.3417035963614367,0.21227678910585487,-5.5708161633710915,-0.3417035963614367,1.0,0.0,0.0,PS_15042,33.84704786431011
V0295,6384.0,2026-09-24,0.0,-0.3417035963614367,0.21227678910585487,-5.5708161633710915,-0.3417035963614367,1.0,0.0,0.0,PS_15042,200.1669584192442
V0316,6384.0,2026-09-24,0.0,-0.3417035963614367,0.21227678910585487,-5.5708161633710915,-0.3417035963614367,1.0,0.0,0.0,PS_15042,226.28937136318962
V0315,6384.0,2026-09-24,0.0,-0.3417035963614367,0.21227678910585487,-5.5708161633710915,-0.3417035963614367,1.0,0.0,0.0,PS_15042,225.16542443426738
V0175,6384.0,2026-09-24,0.0,-0.3417035963614367,0.21227678910585487,-5.5708161633710915,-0.3417035963614367,1.0,0.0,0.0,PS_15042,50.20825166939654
V0074,6384.0,2026-09-24,0.0,-0.3417035963614367,0.21227678910585487,-5.5708161633710915,-0.3417035963614367,1.0,-0.01424284209264097,0.0,PS_15042,79.6879646819521
V0255,6384.0,2026-09-24,0.0,-0.3417035963614367,0.21227678910585487,-5.5708161633710915,-0.3417035963614367,1.0,0.0,0.0,PS_15042,150.1715585825318
V0076,6384.0,2026-09-24,0.0,-0.3417035963614367,0.21227678910585487,-5.5708161633710915,-0.3417035963614367,1.0,-0.01424284209264097,0.0,PS_15042,78.1984282304931
V0214,6384.0,2026-09-24,0.0,-0.3417035963614367,0.21227678910585487,-5.5708161633710915,-0.3417035963614367,1.0,0.0,0.0,PS_15042,103.82086274019471
V0215,6384.0,2026-09-24,0.0,-0.3417035963614367,0.21227678910585487,-5.5708161633710915,-0.3417035963614367,1.0,0.0,0.0,PS_15042,100.1807505032884
V0216,6384.0,2026-09-24,0.0,-0.3417035963614367,0.21227678910585487,-5.5708161633710915,-0.3417035963614367,1.0,0.0,0.0,PS_15042,102.68200427867528
V0094,6384.0,2026-09-24,0.0,-0.3417035963614367,0.21227678910585487,-5.5708161633710915,-0.3417035963614367,1.0,0.0,0.0,PS_15042,56.857970707758945
V0075,6384.0,2026-09-24,0.0,-0.3417035963614367,0.21227678910585487,-5.5708161633710915,-0.3417035963614367,1.0,-0.01424284209264097,0.0,PS_15042,74.88379628755351
V0114,6384.0,2026-09-24,0.0,-0.3417035963614367,0.21227678910585487,-5.5708161633710915,-0.3417035963614367,1.0,0.0,0.0,PS_15042,36.95248233687019
V0235,6384.0,2026-09-24,0.0,-0.3417035963614367,0.21227678910585487,-5.5708161633710915,-0.3417035963614367,1.0,0.0,0.0,PS_15042,125.17523672537811
V0236,6384.0,2026-09-24,0.0,-0.3417035963614367,0.21227678910585487,-5.5708161633710915,-0.3417035963614367,1.0,0.0,0.0,PS_15042,127.1858919870369
V0234,6384.0,2026-09-24,0.0,-0.3417035963614367,0.21227678910585487,-5.5708161633710915,-0.3417035963614367,1.0,0.0,0.0,PS_15042,128.1070983902558
V0196,6384.0,2026-09-24,0.0,-0.3417035963614367,0.21227678910585487,-5.5708161633710915,-0.3417035963614367,1.0,0.0,0.0,PS_15042,78.49163576352298
V0116,6384.0,2026-09-24,0.0,-0.3417035963614367,0.21227678910585487,-5.5708161633710915,-0.3417035963614367,1.0,0.0,0.0,PS_15042,33.620059687993425
V0115,6384.0,2026-09-24,0.0,-0.3417035963614367,0.21227678910585487,-5.5708161633710915,-0.3417035963614367,1.0,0.0,0.0,PS_15042,24.957908208431093
V0095,6384.0,2026-09-24,0.0,-0.3417035963614367,0.21227678910585487,-5.5708161633710915,-0.3417035963614367,1.0,0.0,0.0,PS_15042,49.90230520014223
V0194,6384.0,2026-09-24,0.0,-0.3417035963614367,0.21227678910585487,-5.5708161633710915,-0.3417035963614367,1.0,0.0,0.0,PS_15042,79.97571145207789
V0195,6384.0,2026-09-24,0.0,-0.3417035963614367,0.21227678910585487,-5.5708161633710915,-0.3417035963614367,1.0,0.0,0.0,PS_15042,75.18993053294962
V0113,6384.0,2026-09-24,0.0,-0.2639120536117261,1.7960718180829987,2.7269211304482397,-0.2639120536117261,1.0,0.0,0.0,PS_15162,25.104716440409835
V0112,6384.0,2026-09-24,0.0,-0.2639120536117261,1.7960718180829987,2.7269211304482397,-0.2639120536117261,1.0,0.0,0.0,PS_15162,32.799390981672865
V0152,6384.0,2026-09-24,0.0,-0.2639120536117261,1.7960718180829987,2.7269211304482397,-0.2639120536117261,1.0,0.0,0.0,PS_15162,33.032019079573416
V0153,6384.0,2026-09-24,0.0,-0.2639120536117261,1.7960718180829987,2.7269211304482397,-0.2639120536117261,1.0,0.0,0.0,PS_15162,25.40789293227683
V0092,6384.0,2026-09-24,0.0,-0.2639120536117261,1.7960718180829987,2.7269211304482397,-0.2639120536117261,1.0,0.0,0.0,PS_15162,54.2507412937032
V0093,6384.0,2026-09-24,0.0,-0.2639120536117261,1.7960718180829987,2.7269211304482397,-0.2639120536117261,1.0,0.0,0.0,PS_15162,49.97589088451605
V0072,6384.0,2026-09-24,0.0,-0.2639120536117261,1.7960718180829987,2.7269211304482397,-0.2639120536117261,1.0,-0.012343291677384344,0.0,PS_15162,77.84912210849897
V0073,6384.0,2026-09-24,0.0,-0.2639120536117261,1.7960718180829987,2.7269211304482397,-0.2639120536117261,1.0,-0.012343291677384344,0.0,PS_15162,74.93285362141712
V0132,6384.0,2026-09-24,0.0,-0.2639120536117261,1.7960718180829987,2.7269211304482397,-0.2639120536117261,1.0,0.0,0.0,PS_15162,21.41161289162899
V0133,6384.0,2026-09-24,0.0,-0.2639120536117261,1.7960718180829987,2.7269211304482397,-0.2639120536117261,1.0,0.0,0.0,PS_15162,3.5922006355037213
V0213,6384.0,2026-09-24,0.0,-0.2639120536117261,1.7960718180829987,2.7269211304482397,-0.2639120536117261,1.0,0.0,0.0,PS_15162,100.21742551480271
V0212,6384.0,2026-09-24,0.0,-0.2639120536117261,1.7960718180829987,2.7269211304482397,-0.2639120536117261,1.0,0.0,0.0,PS_15162,102.41623717961079
V0253,6384.0,2026-09-24,0.0,-0.2639120536117261,1.7960718180829987,2.7269211304482397,-0.2639120536117261,1.0,0.0,0.0,PS_15162,150.196027286076
V0192,6384.0,2026-09-24,0.0,-0.2639120536117261,1.7960718180829987,2.7269211304482397,-0.2639120536117261,1.0,0.0,0.0,PS_15162,78.14364030538864
V0172,6384.0,2026-09-24,0.0,-0.2639120536117261,1.7960718180829987,2.7269211304482397,-0.2639120536117261,1.0,0.0,0.0,PS_15162,54.53229687373925
V0173,6384.0,2026-09-24,0.0,-0.2639120536117261,1.7960718180829987,2.7269211304482397,-0.2639120536117261,1.0,0.0,0.0,PS_15162,50.281389609977694
V0232,6384.0,2026-09-24,0.0,-0.2639120536117261,1.7960718180829987,2.7269211304482397,-0.2639120536117261,1.0,0.0,0.0,PS_15162,126.97142495806929
V0233,6384.0,2026-09-24,0.0,-0.2639120536117261,1.7960718180829987,2.7269211304482397,-0.2639120536117261,1.0,0.0,0.0,PS_15162,125.20459054949767
V0193,6384.0,2026-09-24,0.0,-0.2639120536117261,1.7960718180829987,2.7269211304482397,-0.2639120536117261,1.0,0.0,0.0,PS_15162,75.23878826086118
V0026,6384.0,2026-09-24,0.0,-0.22406301057192474,0.050972377891357244,-0.7069988827640807,-0.22406301057192474,1.0,0.0,0.0,PS_15534,50.58689784046415
V0006,6384.0,2026-09-24,0.0,-0.22406301057192474,0.050972377891357244,-0.7069988827640807,-0.22406301057192474,1.0,-0.007700623410541379,0.0,PS_15534,25.711143101471464
V0007,6384.0,2026-09-24,0.0,-0.22406301057192474,0.050972377891357244,-0.7069988827640807,-0.22406301057192474,1.0,0.0,0.0,PS_15534,33.26584045040801
V0046,6384.0,2026-09-24,0.0,-0.22406301057192474,0.050972377891357244,-0.7069988827640807,-0.22406301057192474,1.0,0.0,0.0,PS_15534,75.54472573686908
V0047,6384.0,2026-09-24,0.0,-0.22406301057192474,0.050972377891357244,-0.7069988827640807,-0.22406301057192474,1.0,0.0,0.0,PS_15534,78.43824862875528
V0027,6384.0,2026-09-24,0.0,-0.22406301057192474,0.050972377891357244,-0.7069988827640807,-0.22406301057192474,1.0,0.0,0.0,PS_15534,54.814117656031044
V0039,6384.0,2026-09-24,0.0,-0.1750533562511599,0.45919396705310844,-0.353438931568814,-0.1750533562511599,1.0,0.0,0.0,PS_14802,52.42840489058637
V0059,6384.0,2026-09-24,0.0,-0.1750533562511599,0.45919396705310844,-0.353438931568814,-0.1750533562511599,1.0,0.0,0.0,PS_14802,76.79003185901458
V0019,6384.0,2026-09-24,0.0,-0.1750533562511599,0.45919396705310844,-0.353438931568814,-0.1750533562511599,1.0,-0.008076495744560501,0.0,PS_14802,29.16789820734514
V0187,6384.0,2026-09-24,0.0,-0.0807378163828641,0.27972259256303306,-0.5275766652828084,-0.0807378163828641,1.0,0.0,0.0,PS_15533,78.1436403057854
V0126,6384.0,2026-09-24,0.0,-0.0807378163828641,0.27972259256303306,-0.5275766652828084,-0.0807378163828641,1.0,0.0,0.0,PS_15533,3.5922006340570656
V0087,6384.0,2026-09-24,0.0,-0.0807378163828641,0.27972259256303306,-0.5275766652828084,-0.0807378163828641,1.0,0.0,0.0,PS_15533,54.25074129427467
V0107,6384.0,2026-09-24,0.0,-0.0807378163828641,0.27972259256303306,-0.5275766652828084,-0.0807378163828641,1.0,0.0,0.0,PS_15533,32.799390982618085
V0106,6384.0,2026-09-24,0.0,-0.0807378163828641,0.27972259256303306,-0.5275766652828084,-0.0807378163828641,1.0,0.0,0.0,PS_15533,25.104716440202836
V0127,6384.0,2026-09-24,0.0,-0.0807378163828641,0.27972259256303306,-0.5275766652828084,-0.0807378163828641,1.0,0.0,0.0,PS_15533,21.411612893076928
V0086,6384.0,2026-09-24,0.0,-0.0807378163828641,0.27972259256303306,-0.5275766652828084,-0.0807378163828641,1.0,0.0,0.0,PS_15533,49.97589088441206
V0166,6384.0,2026-09-24,0.0,-0.0807378163828641,0.27972259256303306,-0.5275766652828084,-0.0807378163828641,1.0,0.0,0.0,PS_15533,50.28138960987434
V0067,6384.0,2026-09-24,0.0,-0.0807378163828641,0.27972259256303306,-0.5275766652828084,-0.0807378163828641,1.0,0.005733007767562426,0.0,PS_15533,77.84912210889722
V0066,6384.0,2026-09-24,0.0,-0.0807378163828641,0.27972259256303306,-0.5275766652828084,-0.0807378163828641,1.0,0.005733007767562426,0.0,PS_15533,74.93285362134776
V0146,6384.0,2026-09-24,0.0,-0.0807378163828641,0.27972259256303306,-0.5275766652828084,-0.0807378163828641,1.0,0.0,0.0,PS_15533,25.4078929320723
V0147,6384.0,2026-09-24,0.0,-0.0807378163828641,0.27972259256303306,-0.5275766652828084,-0.0807378163828641,1.0,0.0,0.0,PS_15533,33.03201908051198
V0186,6384.0,2026-09-24,0.0,-0.0807378163828641,0.27972259256303306,-0.5275766652828084,-0.0807378163828641,1.0,0.0,0.0,PS_15533,75.2387882607921
V0167,6384.0,2026-09-24,0.0,-0.0807378163828641,0.27972259256303306,-0.5275766652828084,-0.0807378163828641,1.0,0.0,0.0,PS_15533,54.53229687430777
V0240,6384.0,2026-09-24,0.0,-0.05770124404798233,0.23562594912811508,-3.2767714698265897,-0.05770124404798233,1.0,0.0,0.0,PS_15916,28.90094167217692
V0260,6384.0,2026-09-24,0.0,-0.05770124404798233,0.23562594912811508,-3.2767714698265897,-0.05770124404798233,1.0,0.0,0.0,PS_15916,14.234019519666356
V0220,6384.0,2026-09-24,0.0,-0.05770124404798233,0.23562594912811508,-3.2767714698265897,-0.05770124404798233,1.0,0.0,0.0,PS_15916,52.133689178792075
V0300,6384.0,2026-09-24,0.0,-0.05770124404798233,0.23562594912811508,-3.2767714698265897,-0.05770124404798233,1.0,0.0,0.0,PS_15916,51.83910759244977
V0200,6384.0,2026-09-24,0.0,-0.05770124404798233,0.23562594912811508,-3.2767714698265897,-0.05770124404798233,1.0,-0.004703798102567037,0.0,PS_15916,76.48907546338387
V0320,6384.0,2026-09-24,0.0,-0.05770124404798233,0.23562594912811508,-3.2767714698265897,-0.05770124404798233,1.0,0.0,0.0,PS_15916,76.18816153530189
V0280,6384.0,2026-09-24,0.0,-0.05770124404798233,0.23562594912811508,-3.2767714698265897,-0.05770124404798233,1.0,0.0,0.0,PS_15916,28.63477245996401
V0259,6384.0,2026-09-24,0.0,-0.03714470701112128,1.4018498388398746,0.7421148658989515,-0.03714470701112128,1.0,0.0,0.0,PS_14801,150.8262245723833
V0219,6384.0,2026-09-24,0.0,-0.03714470701112128,1.4018498388398746,0.7421148658989515,-0.03714470701112128,1.0,0.0,0.0,PS_14801,101.15945721016074
V0099,6384.0,2026-09-24,0.0,-0.03714470701112128,1.4018498388398746,0.7421148658989515,-0.03714470701112128,1.0,0.0,0.0,PS_14801,51.83910759205221
V0179,6384.0,2026-09-24,0.0,-0.03714470701112128,1.4018498388398746,0.7421148658989515,-0.03714470701112128,1.0,0.0,0.0,PS_14801,52.13368917839676
V0279,6384.0,2026-09-24,0.0,-0.03714470701112128,1.4018498388398746,0.7421148658989515,-0.03714470701112128,1.0,0.0,0.0,PS_14801,175.73049575020076
V0239,6384.0,2026-09-24,0.0,-0.03714470701112128,1.4018498388398746,0.7421148658989515,-0.03714470701112128,1.0,0.0,0.0,PS_14801,125.95988607849196
V0119,6384.0,2026-09-24,0.0,-0.03714470701112128,1.4018498388398746,0.7421148658989515,-0.03714470701112128,1.0,0.0,0.0,PS_14801,28.63477245924428
V0139,6384.0,2026-09-24,0.0,-0.03714470701112128,1.4018498388398746,0.7421148658989515,-0.03714470701112128,1.0,0.0,0.0,PS_14801,14.234019518218467
V0159,6384.0,2026-09-24,0.0,-0.03714470701112128,1.4018498388398746,0.7421148658989515,-0.03714470701112128,1.0,0.0,0.0,PS_14801,28.90094167146382
V0299,6384.0,2026-09-24,0.0,-0.03714470701112128,1.4018498388398746,0.7421148658989515,-0.03714470701112128,1.0,0.0,0.0,PS_14801,200.6585763292057
V0199,6384.0,2026-09-24,0.0,-0.03714470701112128,1.4018498388398746,0.7421148658989515,-0.03714470701112128,1.0,0.0,0.0,PS_14801,76.48907546311442
V0079,6384.0,2026-09-24,0.0,-0.03714470701112128,1.4018498388398746,0.7421148658989515,-0.03714470701112128,1.0,0.005516345969601545,0.0,PS_14801,76.18816153503138
V0043,6384.0,2026-09-24,0.0,-0.03154742530839028,-0.15364999086919937,0.7564668009734199,-0.03154742530839028,1.0,0.0,0.0,PS_15662,78.78494280301555
V0003,6384.0,2026-09-24,0.0,-0.03154742530839028,-0.15364999086919937,0.7564668009734199,-0.03154742530839028,1.0,-0.020701216218631583,0.0,PS_15662,34.07527704069338
V0004,6384.0,2026-09-24,0.0,-0.03154742530839028,-0.15364999086919937,0.7564668009734199,-0.03154742530839028,1.0,0.0,0.0,PS_15662,25.567817157290445
V0005,6384.0,2026-09-24,0.0,-0.03154742530839028,-0.15364999086919937,0.7564668009734199,-0.03154742530839028,1.0,0.0,0.0,PS_15662,37.367125163400864
V0025,6384.0,2026-09-24,0.0,-0.03154742530839028,-0.15364999086919937,0.7564668009734199,-0.03154742530839028,1.0,0.0,0.0,PS_15662,57.39576113716481
V0024,6384.0,2026-09-24,0.0,-0.03154742530839028,-0.15364999086919937,0.7564668009734199,-0.03154742530839028,1.0,0.0,0.0,PS_15662,50.514202237844444
V0023,6384.0,2026-09-24,0.0,-0.03154742530839028,-0.15364999086919937,0.7564668009734199,-0.03154742530839028,1.0,0.0,0.0,PS_15662,55.30909381771878
V0044,6384.0,2026-09-24,0.0,-0.03154742530839028,-0.15364999086919937,0.7564668009734199,-0.03154742530839028,1.0,0.0,0.0,PS_15662,75.49606599858738
V0045,6384.0,2026-09-24,0.0,-0.03154742530839028,-0.15364999086919937,0.7564668009734199,-0.03154742530839028,1.0,0.0,0.0,PS_15662,80.26359542190775
V0035,6384.0,2026-09-24,0.0,0.014367455954587537,0.21986227751138404,-0.40912788557703544,0.014367455954587537,1.0,0.0,0.0,PS_15043,50.51420223777703
V0034,6384.0,2026-09-24,0.0,0.014367455954587537,0.21986227751138404,-0.40912788557703544,0.014367455954587537,1.0,0.0,0.0,PS_15043,57.39576113647479
V0036,6384.0,2026-09-24,0.0,0.014367455954587537,0.21986227751138404,-0.40912788557703544,0.014367455954587537,1.0,0.0,0.0,PS_15043,55.30909381831171
V0056,6384.0,2026-09-24,0.0,0.014367455954587537,0.21986227751138404,-0.40912788557703544,0.014367455954587537,1.0,0.0,0.0,PS_15043,78.7849428034318
V0016,6384.0,2026-09-24,0.0,0.014367455954587537,0.21986227751138404,-0.40912788557703544,0.014367455954587537,1.0,0.0,0.0,PS_15043,34.07527704165578
V0015,6384.0,2026-09-24,0.0,0.014367455954587537,0.21986227751138404,-0.40912788557703544,0.014367455954587537,1.0,0.0,0.0,PS_15043,25.567817157157258
V0014,6384.0,2026-09-24,0.0,0.014367455954587537,0.21986227751138404,-0.40912788557703544,0.014367455954587537,1.0,-0.0012121112947318007,0.0,PS_15043,37.36712516234098
V0054,6384.0,2026-09-24,0.0,0.014367455954587537,0.21986227751138404,-0.40912788557703544,0.014367455954587537,1.0,0.0,0.0,PS_15043,80.26359542141432
V0055,6384.0,2026-09-24,0.0,0.014367455954587537,0.21986227751138404,-0.40912788557703544,0.014367455954587537,1.0,0.0,0.0,PS_15043,75.49606599854228
V0058,6384.0,2026-09-24,0.0,0.026859037362852632,0.030523966911280676,-2.2995890188356536,0.026859037362852632,1.0,0.0,0.0,PS_14922,77.28690816592166
V0057,6384.0,2026-09-24,0.0,0.026859037362852632,0.030523966911280676,-2.2995890188356536,0.026859037362852632,1.0,0.0,0.0,PS_14922,75.91370396702042
V0018,6384.0,2026-09-24,0.0,0.026859037362852632,0.030523966911280676,-2.2995890188356536,0.026859037362852632,1.0,0.0,0.0,PS_14922,30.451986253332997
V0037,6384.0,2026-09-24,0.0,0.026859037362852632,0.030523966911280676,-2.2995890188356536,0.026859037362852632,1.0,0.0,0.0,PS_14922,51.13627965011924
V0017,6384.0,2026-09-24,0.0,0.026859037362852632,0.030523966911280676,-2.2995890188356536,0.026859037362852632,1.0,0.0004996632563306038,0.0,PS_14922,26.775879871966612
V0038,6384.0,2026-09-24,0.0,0.026859037362852632,0.030523966911280676,-2.2995890188356536,0.026859037362852632,1.0,0.0,0.0,PS_14922,53.15350242750138
V0387,6384.0,2026-09-24,0.0,0.03814964218058032,-0.030713872127859126,0.5747923429642006,0.03814964218058032,1.0,0.0,0.0,PS_15531,33.26584045040801
V0388,6384.0,2026-09-24,0.0,0.03814964218058032,-0.030713872127859126,0.5747923429642006,0.03814964218058032,1.0,0.0,0.0,PS_15531,52.935521175857524
V0389,6384.0,2026-09-24,0.0,0.03814964218058032,-0.030713872127859126,0.5747923429642006,0.03814964218058032,1.0,0.0,0.0,PS_15531,75.81373664084444
V0396,6384.0,2026-09-24,0.0,0.03814964218058032,-0.030713872127859126,0.5747923429642006,0.03814964218058032,1.0,0.0,0.0,PS_15531,247.72281988638213
V0369,6384.0,2026-09-24,0.0,0.03814964218058032,-0.030713872127859126,0.5747923429642006,0.03814964218058032,1.0,0.0,0.0,PS_15531,87.43965929133377
V0392,6384.0,2026-09-24,0.0,0.03814964218058032,-0.030713872127859126,0.5747923429642006,0.03814964218058032,1.0,0.0,0.0,PS_15531,148.60815067589763
V0394,6384.0,2026-09-24,0.0,0.03814964218058032,-0.030713872127859126,0.5747923429642006,0.03814964218058032,1.0,0.0,0.0,PS_15531,198.0542576413989
V0393,6384.0,2026-09-24,0.0,0.03814964218058032,-0.030713872127859126,0.5747923429642006,0.03814964218058032,1.0,0.0,0.0,PS_15531,173.29147615678605
V0346,6384.0,2026-09-24,0.0,0.03814964218058032,-0.030713872127859126,0.5747923429642006,0.03814964218058032,1.0,-0.0143975713370875,0.0,PS_15531,75.54472573686908
V0390,6384.0,2026-09-24,0.0,0.03814964218058032,-0.030713872127859126,0.5747923429642006,0.03814964218058032,1.0,0.0,0.0,PS_15531,99.71597627629674
V0391,6384.0,2026-09-24,0.0,0.03814964218058032,-0.030713872127859126,0.5747923429642006,0.03814964218058032,1.0,0.0,0.0,PS_15531,124.05171980276063
V0395,6384.0,2026-09-24,0.0,0.03814964218058032,-0.030713872127859126,0.5747923429642006,0.03814964218058032,1.0,0.0,0.0,PS_15531,222.87001196027532
V0347,6384.0,2026-09-24,0.0,0.03814964218058032,-0.030713872127859126,0.5747923429642006,0.03814964218058032,1.0,-0.0143975713370875,0.0,PS_15531,78.43824862875528
V0368,6384.0,2026-09-24,0.0,0.03814964218058032,-0.030713872127859126,0.5747923429642006,0.03814964218058032,1.0,0.0,0.0,PS_15531,68.55757256275103
V0355,6384.0,2026-09-24,0.0,0.03814964218058032,-0.030713872127859126,0.5747923429642006,0.03814964218058032,1.0,-0.0143975713370875,0.0,PS_15531,233.9166196281224
V0371,6384.0,2026-09-24,0.0,0.03814964218058032,-0.030713872127859126,0.5747923429642006,0.03814964218058032,1.0,0.0,0.0,PS_15531,131.4792779853915
V0366,6384.0,2026-09-24,0.0,0.03814964218058032,-0.030713872127859126,0.5747923429642006,0.03814964218058032,1.0,0.0,0.0,PS_15531,50.58689784046415
V0367,6384.0,2026-09-24,0.0,0.03814964218058032,-0.030713872127859126,0.5747923429642006,0.03814964218058032,1.0,0.0,0.0,PS_15531,54.814117656031044
V0374,6384.0,2026-09-24,0.0,0.03814964218058032,-0.030713872127859126,0.5747923429642006,0.03814964218058032,1.0,0.0,0.0,PS_15531,202.7892016933417
V0375,6384.0,2026-09-24,0.0,0.03814964218058032,-0.030713872127859126,0.5747923429642006,0.03814964218058032,1.0,0.0,0.0,PS_15531,227.08811854588623
V0376,6384.0,2026-09-24,0.0,0.03814964218058032,-0.030713872127859126,0.5747923429642006,0.03814964218058032,1.0,0.0,0.0,PS_15531,251.52448557943248
V0356,6384.0,2026-09-24,0.0,0.03814964218058032,-0.030713872127859126,0.5747923429642006,0.03814964218058032,1.0,0.01519412954168068,0.0,PS_15531,257.70630221152015
V0386,6384.0,2026-09-24,0.0,0.03814964218058032,-0.030713872127859126,0.5747923429642006,0.03814964218058032,1.0,0.0,0.0,PS_15531,25.711143101471464
V0354,6384.0,2026-09-24,0.0,0.03814964218058032,-0.030713872127859126,0.5747923429642006,0.03814964218058032,1.0,-0.0143975713370875,0.0,PS_15531,210.40777475407137
V0353,6384.0,2026-09-24,0.0,0.03814964218058032,-0.030713872127859126,0.5747923429642006,0.03814964218058032,1.0,-0.0143975713370875,0.0,PS_15531,187.28555314191317
V0373,6384.0,2026-09-24,0.0,0.03814964218058032,-0.030713872127859126,0.5747923429642006,0.03814964218058032,1.0,0.0,0.0,PS_15531,178.68381869138338
V0352,6384.0,2026-09-24,0.0,0.03814964218058032,-0.030713872127859126,0.5747923429642006,0.03814964218058032,1.0,-0.0143975713370875,0.0,PS_15531,164.71285667604917
V0351,6384.0,2026-09-24,0.0,0.03814964218058032,-0.030713872127859126,0.5747923429642006,0.03814964218058032,1.0,-0.0143975713370875,0.0,PS_15531,142.9502427178669
V0350,6384.0,2026-09-24,0.0,0.03814964218058032,-0.030713872127859126,0.5747923429642006,0.03814964218058032,1.0,-0.0143975713370875,0.0,PS_15531,122.43046447600123
V0349,6384.0,2026-09-24,0.0,0.03814964218058032,-0.030713872127859126,0.5747923429642006,0.03814964218058032,1.0,-0.0143975713370875,0.0,PS_15531,103.89256648346763
V0372,6384.0,2026-09-24,0.0,0.03814964218058032,-0.030713872127859126,0.5747923429642006,0.03814964218058032,1.0,0.0,0.0,PS_15531,154.86237051281213
V0370,6384.0,2026-09-24,0.0,0.03814964218058032,-0.030713872127859126,0.5747923429642006,0.03814964218058032,1.0,0.0,0.0,PS_15531,108.8174952765969
V0348,6384.0,2026-09-24,0.0,0.03814964218058032,-0.030713872127859126,0.5747923429642006,0.03814964218058032,1.0,-0.0143975713370875,0.0,PS_15531,88.58957110876023
V0033,6384.0,2026-09-24,0.0,0.044670238322882555,0.13133433511320622,-4.115390313416606,0.044670238322882555,1.0,0.0,0.0,PS_15163,50.58689784056688
V0012,6384.0,2026-09-24,0.0,0.044670238322882555,0.13133433511320622,-4.115390313416606,0.044670238322882555,1.0,-0.0017541653359586368,0.0,PS_15163,33.265840449476045
V0053,6384.0,2026-09-24,0.0,0.044670238322882555,0.13133433511320622,-4.115390313416606,0.044670238322882555,1.0,0.0,0.0,PS_15163,75.54472573693786
V0052,6384.0,2026-09-24,0.0,0.044670238322882555,0.13133433511320622,-4.115390313416606,0.044670238322882555,1.0,0.0,0.0,PS_15163,78.43824862836001
V0013,6384.0,2026-09-24,0.0,0.044670238322882555,0.13133433511320622,-4.115390313416606,0.044670238322882555,1.0,0.0,0.0,PS_15163,25.71114310167358
V0032,6384.0,2026-09-24,0.0,0.044670238322882555,0.13133433511320622,-4.115390313416606,0.044670238322882555,1.0,0.0,0.0,PS_15163,54.81411765546545
V0100,6384.0,2026-09-24,0.0,0.0598937085161936,0.02030310704093712,-1.0390475009356284,0.0598937085161936,1.0,0.0,0.0,PS_15917,28.63477245996401
V0160,6384.0,2026-09-24,0.0,0.0598937085161936,0.02030310704093712,-1.0390475009356284,0.0598937085161936,1.0,0.0,0.0,PS_15917,52.133689178792075
V0140,6384.0,2026-09-24,0.0,0.0598937085161936,0.02030310704093712,-1.0390475009356284,0.0598937085161936,1.0,0.0,0.0,PS_15917,28.90094167217692
V0060,6384.0,2026-09-24,0.0,0.0598937085161936,0.02030310704093712,-1.0390475009356284,0.0598937085161936,1.0,-0.02182004834111145,0.0,PS_15917,76.18816153530189
V0180,6384.0,2026-09-24,0.0,0.0598937085161936,0.02030310704093712,-1.0390475009356284,0.0598937085161936,1.0,0.0,0.0,PS_15917,76.48907546338387
V0080,6384.0,2026-09-24,0.0,0.0598937085161936,0.02030310704093712,-1.0390475009356284,0.0598937085161936,1.0,0.0,0.0,PS_15917,51.83910759244977
V0120,6384.0,2026-09-24,0.0,0.0598937085161936,0.02030310704093712,-1.0390475009356284,0.0598937085161936,1.0,0.0,0.0,PS_15917,14.234019519666356
V0031,6384.0,2026-09-24,0.0,0.08852437172184847,0.4040566795541856,-0.5667439976397569,0.08852437172184847,1.0,0.0,0.0,PS_15283,51.35141587841517
V0011,6384.0,2026-09-24,0.0,0.08852437172184847,0.4040566795541856,-0.5667439976397569,0.08852437172184847,1.0,0.0,0.0,PS_15283,27.18449115177139
V0050,6384.0,2026-09-24,0.0,0.08852437172184847,0.4040566795541856,-0.5667439976397569,0.08852437172184847,1.0,0.0,0.0,PS_15283,77.0289362510573
V0051,6384.0,2026-09-24,0.0,0.08852437172184847,0.4040566795541856,-0.5667439976397569,0.08852437172184847,1.0,0.0,0.0,PS_15283,76.05878822499845
V0030,6384.0,2026-09-24,0.0,0.08852437172184847,0.4040566795541856,-0.5667439976397569,0.08852437172184847,1.0,0.0,0.0,PS_15283,52.777700465558716
V0010,6384.0,2026-09-24,0.0,0.08852437172184847,0.4040566795541856,-0.5667439976397569,0.08852437172184847,1.0,-0.00045784250211885927,0.0,PS_15283,29.79117844085769
V0029,6384.0,2026-09-24,0.0,0.09997043427481996,0.316663080865639,-3.4433774772675294,0.09997043427481996,1.0,0.0,0.0,PS_15406,52.777700465983145
V0028,6384.0,2026-09-24,0.0,0.09997043427481996,0.316663080865639,-3.4433774772675294,0.09997043427481996,1.0,0.0,0.0,PS_15406,51.35141587814646
V0049,6384.0,2026-09-24,0.0,0.09997043427481996,0.316663080865639,-3.4433774772675294,0.09997043427481996,1.0,0.0,0.0,PS_15406,77.02893625134811
V0048,6384.0,2026-09-24,0.0,0.09997043427481996,0.316663080865639,-3.4433774772675294,0.09997043427481996,1.0,0.0,0.0,PS_15406,76.05878822481702
V0008,6384.0,2026-09-24,0.0,0.09997043427481996,0.316663080865639,-3.4433774772675294,0.09997043427481996,1.0,0.012961337793869787,0.0,PS_15406,27.184491151263796
V0009,6384.0,2026-09-24,0.0,0.09997043427481996,0.316663080865639,-3.4433774772675294,0.09997043427481996,1.0,0.0,0.0,PS_15406,29.79117844160961
V0061,6384.0,2026-09-24,0.0,0.22102207995436976,0.27889403987093525,-0.36332485218895944,0.22102207995436976,1.0,-0.010598436008121182,0.0,PS_15789,76.68893752673057
V0062,6384.0,2026-09-24,0.0,0.22102207995436976,0.27889403987093525,-0.36332485218895944,0.22102207995436976,1.0,-0.010598436008121182,0.0,PS_15789,75.30482995927943
V0161,6384.0,2026-09-24,0.0,0.22102207995436976,0.27889403987093525,-0.36332485218895944,0.22102207995436976,1.0,0.0,0.0,PS_15789,52.862829362799275
V0162,6384.0,2026-09-24,0.0,0.22102207995436976,0.27889403987093525,-0.36332485218895944,0.22102207995436976,1.0,0.0,0.0,PS_15789,50.83407326250413
V0141,6384.0,2026-09-24,0.0,0.22102207995436976,0.27889403987093525,-0.36332485218895944,0.22102207995436976,1.0,0.0,0.0,PS_15789,30.19638406147504
V0142,6384.0,2026-09-24,0.0,0.22102207995436976,0.27889403987093525,-0.36332485218895944,0.22102207995436976,1.0,0.0,0.0,PS_15789,26.484823703496826
V0082,6384.0,2026-09-24,0.0,0.22102207995436976,0.27889403987093525,-0.36332485218895944,0.22102207995436976,1.0,0.0,0.0,PS_15789,50.531915984339236
V0122,6384.0,2026-09-24,0.0,0.22102207995436976,0.27889403987093525,-0.36332485218895944,0.22102207995436976,1.0,0.0,0.0,PS_15789,8.293899490166117
V0121,6384.0,2026-09-24,0.0,0.22102207995436976,0.27889403987093525,-0.36332485218895944,0.22102207995436976,1.0,0.0,0.0,PS_15789,16.70821631820028
V0182,6384.0,2026-09-24,0.0,0.22102207995436976,0.27889403987093525,-0.36332485218895944,0.22102207995436976,1.0,0.0,0.0,PS_15789,75.60925950113496
V0181,6384.0,2026-09-24,0.0,0.22102207995436976,0.27889403987093525,-0.36332485218895944,0.22102207995436976,1.0,0.0,0.0,PS_15789,76.98789415286511
V0081,6384.0,2026-09-24,0.0,0.22102207995436976,0.27889403987093525,-0.36332485218895944,0.22102207995436976,1.0,0.0,0.0,PS_15789,52.57233356843802
V0101,6384.0,2026-09-24,0.0,0.22102207995436976,0.27889403987093525,-0.36332485218895944,0.22102207995436976,1.0,0.0,0.0,PS_15789,29.941732993990925
V0102,6384.0,2026-09-24,0.0,0.22102207995436976,0.27889403987093525,-0.36332485218895944,0.22102207995436976,1.0,0.0,0.0,PS_15789,26.194114814222075
V0382,6384.0,2026-09-24,0.0,0.23110076272623267,0.17034326593738486,1.7769476332701326,0.23110076272623267,1.0,0.0,0.0,PS_15787,26.77587987241505
V0341,6384.0,2026-09-24,0.0,0.23110076272623267,0.17034326593738486,1.7769476332701326,0.23110076272623267,1.0,-0.009074026323538303,0.0,PS_15787,77.28690816560864
V0342,6384.0,2026-09-24,0.0,0.23110076272623267,0.17034326593738486,1.7769476332701326,0.23110076272623267,1.0,-0.009074026323538303,0.0,PS_15787,75.91370396717859
V0381,6384.0,2026-09-24,0.0,0.23110076272623267,0.17034326593738486,1.7769476332701326,0.23110076272623267,1.0,0.0,0.0,PS_15787,30.451986252538564
V0361,6384.0,2026-09-24,0.0,0.23110076272623267,0.17034326593738486,1.7769476332701326,0.23110076272623267,1.0,0.0,0.0,PS_15787,53.15350242704624
V0362,6384.0,2026-09-24,0.0,0.23110076272623267,0.17034326593738486,1.7769476332701326,0.23110076272623267,1.0,0.0,0.0,PS_15787,51.136279650354055
V0359,6384.0,2026-09-24,0.0,0.26352306775119544,0.5463605468769871,-0.1828683577729758,0.26352306775119544,1.0,0.0,0.0,PS_14441,197.07426748205194
V0358,6384.0,2026-09-24,0.0,0.26352306775119544,0.5463605468769871,-0.1828683577729758,0.26352306775119544,1.0,0.0,0.0,PS_14441,220.37702514040808
V0357,6384.0,2026-09-24,0.0,0.26352306775119544,0.5463605468769871,-0.1828683577729758,0.26352306775119544,1.0,-0.060864358923647666,0.0,PS_14441,244.01598209110145
V0377,6384.0,2026-09-24,0.0,0.26352306775119544,0.5463605468769871,-0.1828683577729758,0.26352306775119544,1.0,0.0,0.0,PS_14441,237.47805827559634
V0319,6384.0,2026-09-24,0.0,0.26352306775119544,0.5463605468769871,-0.1828683577729758,0.26352306775119544,1.0,0.012026710990492668,0.0,PS_14441,221.09773768779675
V0338,6384.0,2026-09-24,0.0,0.26352306775119544,0.5463605468769871,-0.1828683577729758,0.26352306775119544,1.0,-0.060864358923647666,0.0,PS_14441,230.1390982933436
V0378,6384.0,2026-09-24,0.0,0.26352306775119544,0.5463605468769871,-0.1828683577729758,0.26352306775119544,1.0,0.0,0.0,PS_14441,213.11513755760953
V0339,6384.0,2026-09-24,0.0,0.26352306775119544,0.5463605468769871,-0.1828683577729758,0.26352306775119544,1.0,0.0,0.0,PS_14441,207.93325433206823
V0379,6384.0,2026-09-24,0.0,0.26352306775119544,0.5463605468769871,-0.1828683577729758,0.26352306775119544,1.0,0.0,0.0,PS_14441,188.9187538336259
V0397,6384.0,2026-09-24,0.0,0.26352306775119544,0.5463605468769871,-0.1828683577729758,0.26352306775119544,1.0,0.0,0.0,PS_14441,233.44776034224512
V0399,6384.0,2026-09-24,0.0,0.26352306775119544,0.5463605468769871,-0.1828683577729758,0.26352306775119544,1.0,0.0,0.0,PS_14441,183.8268864897432
V0398,6384.0,2026-09-24,0.0,0.26352306775119544,0.5463605468769871,-0.1828683577729758,0.26352306775119544,1.0,0.0,0.0,PS_14441,208.61469388003718
V0305,6384.0,2026-09-24,0.0,0.3495975629075223,0.37163763420371154,0.2585399281270379,0.3495975629075223,1.0,0.0,0.0,PS_15660,56.8579707084555
V0325,6384.0,2026-09-24,0.0,0.3495975629075223,0.37163763420371154,0.2585399281270379,0.3495975629075223,1.0,0.0,0.0,PS_15660,79.68796468244909
V0304,6384.0,2026-09-24,0.0,0.3495975629075223,0.37163763420371154,0.2585399281270379,0.3495975629075223,1.0,0.0,0.0,PS_15660,49.90230520021047
V0303,6384.0,2026-09-24,0.0,0.3495975629075223,0.37163763420371154,0.2585399281270379,0.3495975629075223,1.0,0.0,0.0,PS_15660,54.75081091186068
V0285,6384.0,2026-09-24,0.0,0.3495975629075223,0.37163763420371154,0.2585399281270379,0.3495975629075223,1.0,0.0,0.0,PS_15660,36.952482337941966
V0284,6384.0,2026-09-24,0.0,0.3495975629075223,0.37163763420371154,0.2585399281270379,0.3495975629075223,1.0,0.0,0.0,PS_15660,24.957908208567535
V0283,6384.0,2026-09-24,0.0,0.3495975629075223,0.37163763420371154,0.2585399281270379,0.3495975629075223,1.0,0.0,0.0,PS_15660,33.62005968701799
V0324,6384.0,2026-09-24,0.0,0.3495975629075223,0.37163763420371154,0.2585399281270379,0.3495975629075223,1.0,0.0,0.0,PS_15660,74.88379628759898
V0264,6384.0,2026-09-24,0.0,0.3495975629075223,0.37163763420371154,0.2585399281270379,0.3495975629075223,1.0,0.0,0.0,PS_15660,2.356756245268517
V0263,6384.0,2026-09-24,0.0,0.3495975629075223,0.37163763420371154,0.2585399281270379,0.3495975629075223,1.0,0.0,0.0,PS_15660,22.648742375924144
V0245,6384.0,2026-09-24,0.0,0.3495975629075223,0.37163763420371154,0.2585399281270379,0.3495975629075223,1.0,0.0,0.0,PS_15660,37.15911983134923
V0244,6384.0,2026-09-24,0.0,0.3495975629075223,0.37163763420371154,0.2585399281270379,0.3495975629075223,1.0,0.0,0.0,PS_15660,25.26284659043675
V0243,6384.0,2026-09-24,0.0,0.3495975629075223,0.37163763420371154,0.2585399281270379,0.3495975629075223,1.0,0.0,0.0,PS_15660,33.84704786334122
V0203,6384.0,2026-09-24,0.0,0.3495975629075223,0.37163763420371154,0.2585399281270379,0.3495975629075223,1.0,-0.006803763876626965,0.0,PS_15660,78.49163576310517
V0265,6384.0,2026-09-24,0.0,0.3495975629075223,0.37163763420371154,0.2585399281270379,0.3495975629075223,1.0,0.0,0.0,PS_15660,27.35220409378817
V0323,6384.0,2026-09-24,0.0,0.3495975629075223,0.37163763420371154,0.2585399281270379,0.3495975629075223,1.0,0.0,0.0,PS_15660,78.19842823007374
V0205,6384.0,2026-09-24,0.0,0.3495975629075223,0.37163763420371154,0.2585399281270379,0.3495975629075223,1.0,-0.006803763876626965,0.0,PS_15660,79.9757114525731
V0204,6384.0,2026-09-24,0.0,0.3495975629075223,0.37163763420371154,0.2585399281270379,0.3495975629075223,1.0,-0.006803763876626965,0.0,PS_15660,75.18993053299491
V0225,6384.0,2026-09-24,0.0,0.3495975629075223,0.37163763420371154,0.2585399281270379,0.3495975629075223,1.0,0.0,0.0,PS_15660,57.126677695214354
V0223,6384.0,2026-09-24,0.0,0.3495975629075223,0.37163763420371154,0.2585399281270379,0.3495975629075223,1.0,0.0,0.0,PS_15660,55.029807985451306
V0224,6384.0,2026-09-24,0.0,0.3495975629075223,0.37163763420371154,0.2585399281270379,0.3495975629075223,1.0,0.0,0.0,PS_15660,50.20825166946436
V0149,6384.0,2026-09-24,0.0,0.3745917464435252,0.5027606993376744,1.8562764120179098,0.3745917464435252,1.0,0.0,0.0,PS_15405,29.529857036618566
V0068,6384.0,2026-09-24,0.0,0.3745917464435252,0.5027606993376744,1.8562764120179098,0.3745917464435252,1.0,0.010984852486748211,0.0,PS_15405,75.45108502471736
V0168,6384.0,2026-09-24,0.0,0.3745917464435252,0.5027606993376744,1.8562764120179098,0.3745917464435252,1.0,0.0,0.0,PS_15405,51.05048306009234
V0129,6384.0,2026-09-24,0.0,0.3745917464435252,0.5027606993376744,1.8562764120179098,0.3745917464435252,1.0,0.0,0.0,PS_15405,15.47111304175629
V0128,6384.0,2026-09-24,0.0,0.3745917464435252,0.5027606993376744,1.8562764120179098,0.3745917464435252,1.0,0.0,0.0,PS_15405,9.53087535141007
V0109,6384.0,2026-09-24,0.0,0.3745917464435252,0.5027606993376744,1.8562764120179098,0.3745917464435252,1.0,0.0,0.0,PS_15405,29.26940759391061
V0108,6384.0,2026-09-24,0.0,0.3745917464435252,0.5027606993376744,1.8562764120179098,0.3745917464435252,1.0,0.0,0.0,PS_15405,26.611660359920922
V0188,6384.0,2026-09-24,0.0,0.3745917464435252,0.5027606993376744,1.8562764120179098,0.3745917464435252,1.0,0.0,0.0,PS_15405,75.75492682671606
V0189,6384.0,2026-09-24,0.0,0.3745917464435252,0.5027606993376744,1.8562764120179098,0.3745917464435252,1.0,0.0,0.0,PS_15405,76.72891692385465
V0148,6384.0,2026-09-24,0.0,0.3745917464435252,0.5027606993376744,1.8562764120179098,0.3745917464435252,1.0,0.0,0.0,PS_15405,26.8978568442998
V0169,6384.0,2026-09-24,0.0,0.3745917464435252,0.5027606993376744,1.8562764120179098,0.3745917464435252,1.0,0.0,0.0,PS_15405,52.48494616988247
V0209,6384.0,2026-09-24,0.0,0.3745917464435252,0.5027606993376744,1.8562764120179098,0.3745917464435252,1.0,0.0,0.0,PS_15405,101.34092860320612
V0069,6384.0,2026-09-24,0.0,0.3745917464435252,0.5027606993376744,1.8562764120179098,0.3745917464435252,1.0,0.010984852486748211,0.0,PS_15405,76.42894729874155
V0088,6384.0,2026-09-24,0.0,0.3745917464435252,0.5027606993376744,1.8562764120179098,0.3745917464435252,1.0,0.0,0.0,PS_15405,50.749614276952464
V0089,6384.0,2026-09-24,0.0,0.3745917464435252,0.5027606993376744,1.8562764120179098,0.3745917464435252,1.0,0.0,0.0,PS_15405,52.19234716935178
V0307,6384.0,2026-09-24,0.0,0.3980889256077678,0.2888506784567217,0.6518155072323429,0.3980889256077678,1.0,0.0,0.0,PS_15532,54.25074129427467
V0294,6384.0,2026-09-24,0.0,0.3980889256077678,0.2888506784567217,0.6518155072323429,0.3980889256077678,1.0,0.029591700878768182,0.0,PS_15532,197.9764452601477
V0293,6384.0,2026-09-24,0.0,0.3980889256077678,0.2888506784567217,0.6518155072323429,0.3980889256077678,1.0,0.0,0.0,PS_15532,173.20253929015186
V0292,6384.0,2026-09-24,0.0,0.3980889256077678,0.2888506784567217,0.6518155072323429,0.3980889256077678,1.0,0.0,0.0,PS_15532,148.5044321064827
V0291,6384.0,2026-09-24,0.0,0.3980889256077678,0.2888506784567217,0.6518155072323429,0.3980889256077678,1.0,0.0,0.0,PS_15532,123.927450929894
V0290,6384.0,2026-09-24,0.0,0.3980889256077678,0.2888506784567217,0.6518155072323429,0.3980889256077678,1.0,0.0,0.0,PS_15532,99.56133703749475
V0289,6384.0,2026-09-24,0.0,0.3980889256077678,0.2888506784567217,0.6518155072323429,0.3980889256077678,1.0,0.0,0.0,PS_15532,75.61022795499274
V0288,6384.0,2026-09-24,0.0,0.3980889256077678,0.2888506784567217,0.6518155072323429,0.3980889256077678,1.0,0.0,0.0,PS_15532,52.643644536812864
V0287,6384.0,2026-09-24,0.0,0.3980889256077678,0.2888506784567217,0.6518155072323429,0.3980889256077678,1.0,0.0,0.0,PS_15532,32.799390982618085
V0286,6384.0,2026-09-24,0.0,0.3980889256077678,0.2888506784567217,0.6518155072323429,0.3980889256077678,1.0,0.0,0.0,PS_15532,25.104716440202836
V0206,6384.0,2026-09-24,0.0,0.3980889256077678,0.2888506784567217,0.6518155072323429,0.3980889256077678,1.0,0.019153069679625278,0.0,PS_15532,75.2387882607921
V0326,6384.0,2026-09-24,0.0,0.3980889256077678,0.2888506784567217,0.6518155072323429,0.3980889256077678,1.0,0.0,0.0,PS_15532,74.93285362134776
V0327,6384.0,2026-09-24,0.0,0.3980889256077678,0.2888506784567217,0.6518155072323429,0.3980889256077678,1.0,0.0,0.0,PS_15532,77.84912210889722
V0314,6384.0,2026-09-24,0.0,0.3980889256077678,0.2888506784567217,0.6518155072323429,0.3980889256077678,1.0,0.0,0.0,PS_15532,202.63764645295288
V0313,6384.0,2026-09-24,0.0,0.3980889256077678,0.2888506784567217,0.6518155072323429,0.3980889256077678,1.0,0.0,0.0,PS_15532,178.51179932627497
V0312,6384.0,2026-09-24,0.0,0.3980889256077678,0.2888506784567217,0.6518155072323429,0.3980889256077678,1.0,0.0,0.0,PS_15532,154.66385885984033
V0335,6384.0,2026-09-24,0.0,0.3980889256077678,0.2888506784567217,0.6518155072323429,0.3980889256077678,1.0,0.029591700878768182,0.0,PS_15532,233.71972938420765
V0334,6384.0,2026-09-24,0.0,0.3980889256077678,0.2888506784567217,0.6518155072323429,0.3980889256077678,1.0,0.0,0.0,PS_15532,210.18886422010942
V0333,6384.0,2026-09-24,0.0,0.3980889256077678,0.2888506784567217,0.6518155072323429,0.3980889256077678,1.0,0.0,0.0,PS_15532,187.03958239060506
V0311,6384.0,2026-09-24,0.0,0.3980889256077678,0.2888506784567217,0.6518155072323429,0.3980889256077678,1.0,0.0,0.0,PS_15532,131.24540363810442
V0310,6384.0,2026-09-24,0.0,0.3980889256077678,0.2888506784567217,0.6518155072323429,0.3980889256077678,1.0,0.0,0.0,PS_15532,108.53479955683012
V0309,6384.0,2026-09-24,0.0,0.3980889256077678,0.2888506784567217,0.6518155072323429,0.3980889256077678,1.0,0.0,0.0,PS_15532,87.08759643918091
V0331,6384.0,2026-09-24,0.0,0.3980889256077678,0.2888506784567217,0.6518155072323429,0.3980889256077678,1.0,0.0,0.0,PS_15532,142.62783339263282
V0330,6384.0,2026-09-24,0.0,0.3980889256077678,0.2888506784567217,0.6518155072323429,0.3980889256077678,1.0,0.0,0.0,PS_15532,122.05386350701465
V0329,6384.0,2026-09-24,0.0,0.3980889256077678,0.2888506784567217,0.6518155072323429,0.3980889256077678,1.0,0.0,0.0,PS_15532,103.44850088667938
V0207,6384.0,2026-09-24,0.0,0.3980889256077678,0.2888506784567217,0.6518155072323429,0.3980889256077678,1.0,0.019153069679625278,0.0,PS_15532,78.1436403057854
V0208,6384.0,2026-09-24,0.0,0.3980889256077678,0.2888506784567217,0.6518155072323429,0.3980889256077678,1.0,0.0009398871665697039,0.0,PS_15532,88.32882757926556
V0328,6384.0,2026-09-24,0.0,0.3980889256077678,0.2888506784567217,0.6518155072323429,0.3980889256077678,1.0,0.0,0.0,PS_15532,88.06837726683538
V0306,6384.0,2026-09-24,0.0,0.3980889256077678,0.2888506784567217,0.6518155072323429,0.3980889256077678,1.0,0.0,0.0,PS_15532,49.97589088441206
V0308,6384.0,2026-09-24,0.0,0.3980889256077678,0.2888506784567217,0.6518155072323429,0.3980889256077678,1.0,0.0,0.0,PS_15532,68.1079745130185
V0332,6384.0,2026-09-24,0.0,0.3980889256077678,0.2888506784567217,0.6518155072323429,0.3980889256077678,1.0,0.0,0.0,PS_15532,164.43312354742972
V0228,6384.0,2026-09-24,0.0,0.3980889256077678,0.2888506784567217,0.6518155072323429,0.3980889256077678,1.0,0.0,0.0,PS_15532,68.3324568830603
V0252,6384.0,2026-09-24,0.0,0.3980889256077678,0.2888506784567217,0.6518155072323429,0.3980889256077678,1.0,0.026480039168779754,0.0,PS_15532,148.55598470264871
V0229,6384.0,2026-09-24,0.0,0.3980889256077678,0.2888506784567217,0.6518155072323429,0.3980889256077678,1.0,0.0009398871665697039,0.0,PS_15532,87.26326790215316
V0230,6384.0,2026-09-24,0.0,0.3980889256077678,0.2888506784567217,0.6518155072323429,0.3980889256077678,1.0,-0.001989613528653582,0.0,PS_15532,108.67580773222075
V0226,6384.0,2026-09-24,0.0,0.3980889256077678,0.2888506784567217,0.6518155072323429,0.3980889256077678,1.0,0.0,0.0,PS_15532,50.28138960987434
V0246,6384.0,2026-09-24,0.0,0.3980889256077678,0.2888506784567217,0.6518155072323429,0.3980889256077678,1.0,0.0,0.0,PS_15532,25.4078929320723
V0247,6384.0,2026-09-24,0.0,0.3980889256077678,0.2888506784567217,0.6518155072323429,0.3980889256077678,1.0,0.0,0.0,PS_15532,33.03201908051198
V0248,6384.0,2026-09-24,0.0,0.3980889256077678,0.2888506784567217,0.6518155072323429,0.3980889256077678,1.0,0.0,0.0,PS_15532,52.78889604664001
V0249,6384.0,2026-09-24,0.0,0.3980889256077678,0.2888506784567217,0.6518155072323429,0.3980889256077678,1.0,0.0,0.0,PS_15532,75.71143115217559
V0250,6384.0,2026-09-24,0.0,0.3980889256077678,0.2888506784567217,0.6518155072323429,0.3980889256077678,1.0,0.0,0.0,PS_15532,99.63821590332839
V0251,6384.0,2026-09-24,0.0,0.3980889256077678,0.2888506784567217,0.6518155072323429,0.3980889256077678,1.0,-0.001989613528653582,0.0,PS_15532,123.98922263521915
V0266,6384.0,2026-09-24,0.0,0.3980889256077678,0.2888506784567217,0.6518155072323429,0.3980889256077678,1.0,0.0,0.0,PS_15532,3.5922006340570656
V0267,6384.0,2026-09-24,0.0,0.3980889256077678,0.2888506784567217,0.6518155072323429,0.3980889256077678,1.0,0.0,0.0,PS_15532,21.411612893076928
V0273,6384.0,2026-09-24,0.0,0.3980889256077678,0.2888506784567217,0.6518155072323429,0.3980889256077678,1.0,0.026480039168779754,0.0,PS_15532,171.41113363608832
V0269,6384.0,2026-09-24,0.0,0.3980889256077678,0.2888506784567217,0.6518155072323429,0.3980889256077678,1.0,0.0,0.0,PS_15532,71.41122943388032
V0270,6384.0,2026-09-24,0.0,0.3980889256077678,0.2888506784567217,0.6518155072323429,0.3980889256077678,1.0,0.0,0.0,PS_15532,96.41118685373576
V0271,6384.0,2026-09-24,0.0,0.3980889256077678,0.2888506784567217,0.6518155072323429,0.3980889256077678,1.0,0.0,0.0,PS_15532,121.41116180909238
V0272,6384.0,2026-09-24,0.0,0.3980889256077678,0.2888506784567217,0.6518155072323429,0.3980889256077678,1.0,0.0,0.0,PS_15532,146.41114531729224
V0227,6384.0,2026-09-24,0.0,0.3980889256077678,0.2888506784567217,0.6518155072323429,0.3980889256077678,1.0,0.0,0.0,PS_15532,54.53229687430777
V0268,6384.0,2026-09-24,0.0,0.3980889256077678,0.2888506784567217,0.6518155072323429,0.3980889256077678,1.0,0.0,0.0,PS_15532,46.41131788659568
V0344,6384.0,2026-09-24,0.0,0.398851758693315,0.37106361243382574,-1.5193631107489851,0.398851758693315,1.0,0.0019701678314317083,0.0,PS_15659,75.49606599858738
V0385,6384.0,2026-09-24,0.0,0.398851758693315,0.37106361243382574,-1.5193631107489851,0.398851758693315,1.0,0.0,0.0,PS_15659,37.367125163400864
V0345,6384.0,2026-09-24,0.0,0.398851758693315,0.37106361243382574,-1.5193631107489851,0.398851758693315,1.0,0.0019701678314317083,0.0,PS_15659,80.26359542190775
V0365,6384.0,2026-09-24,0.0,0.398851758693315,0.37106361243382574,-1.5193631107489851,0.398851758693315,1.0,0.0,0.0,PS_15659,57.39576113716481
V0364,6384.0,2026-09-24,0.0,0.398851758693315,0.37106361243382574,-1.5193631107489851,0.398851758693315,1.0,0.0,0.0,PS_15659,50.514202237844444
V0383,6384.0,2026-09-24,0.0,0.398851758693315,0.37106361243382574,-1.5193631107489851,0.398851758693315,1.0,0.0,0.0,PS_15659,34.07527704069338
V0343,6384.0,2026-09-24,0.0,0.398851758693315,0.37106361243382574,-1.5193631107489851,0.398851758693315,1.0,0.0019701678314317083,0.0,PS_15659,78.78494280301555
V0363,6384.0,2026-09-24,0.0,0.398851758693315,0.37106361243382574,-1.5193631107489851,0.398851758693315,1.0,0.0,0.0,PS_15659,55.30909381771878
V0384,6384.0,2026-09-24,0.0,0.398851758693315,0.37106361243382574,-1.5193631107489851,0.398851758693315,1.0,0.0,0.0,PS_15659,25.567817157290445
V0340,6384.0,2026-09-24,0.0,0.44446142845589665,0.0681095887058783,2.233252449762444,0.44446142845589665,1.0,0.020086506900155163,0.0,PS_15915,76.79003185928296
V0360,6384.0,2026-09-24,0.0,0.44446142845589665,0.0681095887058783,2.233252449762444,0.44446142845589665,1.0,0.0,0.0,PS_15915,52.42840489097946
V0380,6384.0,2026-09-24,0.0,0.44446142845589665,0.0681095887058783,2.233252449762444,0.44446142845589665,1.0,0.0,0.0,PS_15915,29.167898208051714
V0091,6384.0,2026-09-24,0.0,0.44782926382410737,-0.270973322704204,-8.712945207153327,0.44782926382410737,1.0,0.0,0.0,PS_15282,50.74961427722436
V0090,6384.0,2026-09-24,0.0,0.44782926382410737,-0.270973322704204,-8.712945207153327,0.44782926382410737,1.0,0.0,0.0,PS_15282,52.19234716892258
V0071,6384.0,2026-09-24,0.0,0.44782926382410737,-0.270973322704204,-8.712945207153327,0.44782926382410737,1.0,0.014372195684090356,0.0,PS_15282,75.45108502490024
V0070,6384.0,2026-09-24,0.0,0.44782926382410737,-0.270973322704204,-8.712945207153327,0.44782926382410737,1.0,0.014372195684090356,0.0,PS_15282,76.42894729844846
V0110,6384.0,2026-09-24,0.0,0.44782926382410737,-0.270973322704204,-8.712945207153327,0.44782926382410737,1.0,0.0,0.0,PS_15282,29.269407593145285
V0111,6384.0,2026-09-24,0.0,0.44782926382410737,-0.270973322704204,-8.712945207153327,0.44782926382410737,1.0,0.0,0.0,PS_15282,26.611660360439444
V0130,6384.0,2026-09-24,0.0,0.44782926382410737,-0.270973322704204,-8.712945207153327,0.44782926382410737,1.0,0.0,0.0,PS_15282,15.471113040308389
V0131,6384.0,2026-09-24,0.0,0.44782926382410737,-0.270973322704204,-8.712945207153327,0.44782926382410737,1.0,0.0,0.0,PS_15282,9.530875352857855
V0210,6384.0,2026-09-24,0.0,0.44782926382410737,-0.270973322704204,-8.712945207153327,0.44782926382410737,1.0,0.0,0.0,PS_15282,101.34092860298507
V0151,6384.0,2026-09-24,0.0,0.44782926382410737,-0.270973322704204,-8.712945207153327,0.44782926382410737,1.0,0.0,0.0,PS_15282,26.897856844812804
V0211,6384.0,2026-09-24,0.0,0.44782926382410737,-0.270973322704204,-8.712945207153327,0.44782926382410737,1.0,0.0,0.0,PS_15282,100.60549714802383
V0150,6384.0,2026-09-24,0.0,0.44782926382410737,-0.270973322704204,-8.712945207153327,0.44782926382410737,1.0,0.0,0.0,PS_15282,29.52985703585999
V0191,6384.0,2026-09-24,0.0,0.44782926382410737,-0.270973322704204,-8.712945207153327,0.44782926382410737,1.0,0.0,0.0,PS_15282,75.75492682689821
V0171,6384.0,2026-09-24,0.0,0.44782926382410737,-0.270973322704204,-8.712945207153327,0.44782926382410737,1.0,0.0,0.0,PS_15282,51.05048306036264
V0190,6384.0,2026-09-24,0.0,0.44782926382410737,-0.270973322704204,-8.712945207153327,0.44782926382410737,1.0,0.0,0.0,PS_15282,76.72891692356272
V0170,6384.0,2026-09-24,0.0,0.44782926382410737,-0.270973322704204,-8.712945207153327,0.44782926382410737,1.0,0.0,0.0,PS_15282,52.48494616945567
V0231,6384.0,2026-09-24,0.0,0.44782926382410737,-0.270973322704204,-8.712945207153327,0.44782926382410737,1.0,0.0,0.0,PS_15282,125.51543002457252
V0321,6384.0,2026-09-24,0.0,0.45795142081469026,0.17036818489358233,1.2427258262267953,0.45795142081469026,1.0,0.0,0.0,PS_15788,76.68893752673057
V0201,6384.0,2026-09-24,0.0,0.45795142081469026,0.17036818489358233,1.2427258262267953,0.45795142081469026,1.0,0.00947717363441282,0.0,PS_15788,76.98789415286511
V0261,6384.0,2026-09-24,0.0,0.45795142081469026,0.17036818489358233,1.2427258262267953,0.45795142081469026,1.0,0.0,0.0,PS_15788,16.70821631820028
V0262,6384.0,2026-09-24,0.0,0.45795142081469026,0.17036818489358233,1.2427258262267953,0.45795142081469026,1.0,0.0,0.0,PS_15788,8.293899490166117
V0222,6384.0,2026-09-24,0.0,0.45795142081469026,0.17036818489358233,1.2427258262267953,0.45795142081469026,1.0,0.0,0.0,PS_15788,50.83407326250413
V0221,6384.0,2026-09-24,0.0,0.45795142081469026,0.17036818489358233,1.2427258262267953,0.45795142081469026,1.0,0.0,0.0,PS_15788,52.862829362799275
V0242,6384.0,2026-09-24,0.0,0.45795142081469026,0.17036818489358233,1.2427258262267953,0.45795142081469026,1.0,0.0,0.0,PS_15788,26.484823703496826
V0281,6384.0,2026-09-24,0.0,0.45795142081469026,0.17036818489358233,1.2427258262267953,0.45795142081469026,1.0,0.0,0.0,PS_15788,29.941732993990925
V0301,6384.0,2026-09-24,0.0,0.45795142081469026,0.17036818489358233,1.2427258262267953,0.45795142081469026,1.0,0.0,0.0,PS_15788,52.57233356843802
V0322,6384.0,2026-09-24,0.0,0.45795142081469026,0.17036818489358233,1.2427258262267953,0.45795142081469026,1.0,0.0,0.0,PS_15788,75.30482995927943
V0302,6384.0,2026-09-24,0.0,0.45795142081469026,0.17036818489358233,1.2427258262267953,0.45795142081469026,1.0,0.0,0.0,PS_15788,50.531915984339236
V0282,6384.0,2026-09-24,0.0,0.45795142081469026,0.17036818489358233,1.2427258262267953,0.45795142081469026,1.0,0.0,0.0,PS_15788,26.194114814222075
V0202,6384.0,2026-09-24,0.0,0.45795142081469026,0.17036818489358233,1.2427258262267953,0.45795142081469026,1.0,0.00947717363441282,0.0,PS_15788,75.60925950113496
V0241,6384.0,2026-09-24,0.0,0.45795142081469026,0.17036818489358233,1.2427258262267953,0.45795142081469026,1.0,0.0,0.0,PS_15788,30.19638406147504
V0042,6384.0,2026-09-24,0.0,0.48598298015739927,0.2873143289009512,1.7918481312820358,0.48598298015739927,1.0,0.0,0.0,PS_15790,75.91370396717859
V0022,6384.0,2026-09-24,0.0,0.48598298015739927,0.2873143289009512,1.7918481312820358,0.48598298015739927,1.0,0.0,0.0,PS_15790,51.136279650354055
V0021,6384.0,2026-09-24,0.0,0.48598298015739927,0.2873143289009512,1.7918481312820358,0.48598298015739927,1.0,0.0,0.0,PS_15790,53.15350242704624
V0002,6384.0,2026-09-24,0.0,0.48598298015739927,0.2873143289009512,1.7918481312820358,0.48598298015739927,1.0,0.0,0.0,PS_15790,26.77587987241505
V0001,6384.0,2026-09-24,0.0,0.48598298015739927,0.2873143289009512,1.7918481312820358,0.48598298015739927,1.0,-0.004776477475463223,0.0,PS_15790,30.451986252538564
V0041,6384.0,2026-09-24,0.0,0.48598298015739927,0.2873143289009512,1.7918481312820358,0.48598298015739927,1.0,0.0,0.0,PS_15790,77.28690816560864
V0105,6384.0,2026-09-24,0.0,0.5196916598231964,0.15221014230752142,2.999014814256525,0.5196916598231964,1.0,0.0,0.0,PS_15661,36.952482337941966
V0185,6384.0,2026-09-24,0.0,0.5196916598231964,0.15221014230752142,2.999014814256525,0.5196916598231964,1.0,0.0,0.0,PS_15661,79.9757114525731
V0083,6384.0,2026-09-24,0.0,0.5196916598231964,0.15221014230752142,2.999014814256525,0.5196916598231964,1.0,0.0,0.0,PS_15661,54.75081091186068
V0104,6384.0,2026-09-24,0.0,0.5196916598231964,0.15221014230752142,2.999014814256525,0.5196916598231964,1.0,0.0,0.0,PS_15661,24.957908208567535
V0084,6384.0,2026-09-24,0.0,0.5196916598231964,0.15221014230752142,2.999014814256525,0.5196916598231964,1.0,0.0,0.0,PS_15661,49.90230520021047
V0184,6384.0,2026-09-24,0.0,0.5196916598231964,0.15221014230752142,2.999014814256525,0.5196916598231964,1.0,0.0,0.0,PS_15661,75.18993053299491
V0183,6384.0,2026-09-24,0.0,0.5196916598231964,0.15221014230752142,2.999014814256525,0.5196916598231964,1.0,0.0,0.0,PS_15661,78.49163576310517
V0103,6384.0,2026-09-24,0.0,0.5196916598231964,0.15221014230752142,2.999014814256525,0.5196916598231964,1.0,0.0,0.0,PS_15661,33.62005968701799
V0064,6384.0,2026-09-24,0.0,0.5196916598231964,0.15221014230752142,2.999014814256525,0.5196916598231964,1.0,0.02204956340526347,0.0,PS_15661,74.88379628759898
V0124,6384.0,2026-09-24,0.0,0.5196916598231964,0.15221014230752142,2.999014814256525,0.5196916598231964,1.0,0.0,0.0,PS_15661,2.356756245268517
V0125,6384.0,2026-09-24,0.0,0.5196916598231964,0.15221014230752142,2.999014814256525,0.5196916598231964,1.0,0.0,0.0,PS_15661,27.35220409378817
V0065,6384.0,2026-09-24,0.0,0.5196916598231964,0.15221014230752142,2.999014814256525,0.5196916598231964,1.0,0.02204956340526347,0.0,PS_15661,79.68796468244909
V0063,6384.0,2026-09-24,0.0,0.5196916598231964,0.15221014230752142,2.999014814256525,0.5196916598231964,1.0,0.02204956340526347,0.0,PS_15661,78.19842823007374
V0143,6384.0,2026-09-24,0.0,0.5196916598231964,0.15221014230752142,2.999014814256525,0.5196916598231964,1.0,0.0,0.0,PS_15661,33.84704786334122
V0144,6384.0,2026-09-24,0.0,0.5196916598231964,0.15221014230752142,2.999014814256525,0.5196916598231964,1.0,0.0,0.0,PS_15661,25.26284659043675
V0145,6384.0,2026-09-24,0.0,0.5196916598231964,0.15221014230752142,2.999014814256525,0.5196916598231964,1.0,0.0,0.0,PS_15661,37.15911983134923
V0165,6384.0,2026-09-24,0.0,0.5196916598231964,0.15221014230752142,2.999014814256525,0.5196916598231964,1.0,0.0,0.0,PS_15661,57.126677695214354
V0164,6384.0,2026-09-24,0.0,0.5196916598231964,0.15221014230752142,2.999014814256525,0.5196916598231964,1.0,0.0,0.0,PS_15661,50.20825166946436
V0163,6384.0,2026-09-24,0.0,0.5196916598231964,0.15221014230752142,2.999014814256525,0.5196916598231964,1.0,0.0,0.0,PS_15661,55.029807985451306
V0123,6384.0,2026-09-24,0.0,0.5196916598231964,0.15221014230752142,2.999014814256525,0.5196916598231964,1.0,0.0,0.0,PS_15661,22.648742375924144
V0085,6384.0,2026-09-24,0.0,0.5196916598231964,0.15221014230752142,2.999014814256525,0.5196916598231964,1.0,0.0,0.0,PS_15661,56.8579707084555
V0040,6384.0,2026-09-24,0.0,0.6053949170439799,0.2629037826213144,4.031456313982846,0.6053949170439799,1.0,0.0,0.0,PS_15918,76.79003185928296
V0020,6384.0,2026-09-24,0.0,0.6053949170439799,0.2629037826213144,4.031456313982846,0.6053949170439799,1.0,0.0,0.0,PS_15918,52.42840489097946
V0000,6384.0,2026-09-24,0.0,0.6053949170439799,0.2629037826213144,4.031456313982846,0.6053949170439799,1.0,0.004776477475463223,0.0,PS_15918,29.167898208051714
V0237,6384.0,2026-09-24,0.0,1.7851320408423872,0.5541541995586245,11.038089157225913,1.7851320408423872,1.0,0.0,0.0,PS_14921,125.42756618060724
V0318,6384.0,2026-09-24,0.0,1.7851320408423872,0.5541541995586245,11.038089157225913,1.7851320408423872,1.0,0.0,0.0,PS_14921,225.7721828597472
V0317,6384.0,2026-09-24,0.0,1.7851320408423872,0.5541541995586245,11.038089157225913,1.7851320408423872,1.0,0.0,0.0,PS_14921,225.30579848153027
V0157,6384.0,2026-09-24,0.0,1.7851320408423872,0.5541541995586245,11.038089157225913,1.7851320408423872,1.0,0.0,0.0,PS_14921,26.484823703043464
V0158,6384.0,2026-09-24,0.0,1.7851320408423872,0.5541541995586245,11.038089157225913,1.7851320408423872,1.0,0.0,0.0,PS_14921,30.196384062276195
V0298,6384.0,2026-09-24,0.0,1.7851320408423872,0.5541541995586245,11.038089157225913,1.7851320408423872,1.0,0.0,0.0,PS_14921,200.84925052238256
V0297,6384.0,2026-09-24,0.0,1.7851320408423872,0.5541541995586245,11.038089157225913,1.7851320408423872,1.0,0.0,0.0,PS_14921,200.3248504593167
V0337,6384.0,2026-09-24,0.0,1.7851320408423872,0.5541541995586245,11.038089157225913,1.7851320408423872,1.0,0.0,0.0,PS_14921,250.29055105467378
V0278,6384.0,2026-09-24,0.0,1.7851320408423872,0.5541541995586245,11.038089157225913,1.7851320408423872,1.0,0.0,0.0,PS_14921,175.94818645712283
V0277,6384.0,2026-09-24,0.0,1.7851320408423872,0.5541541995586245,11.038089157225913,1.7851320408423872,1.0,0.0,0.0,PS_14921,175.3493330289433
V0138,6384.0,2026-09-24,0.0,1.7851320408423872,0.5541541995586245,11.038089157225913,1.7851320408423872,1.0,0.0,0.0,PS_14921,16.70821631964819
V0137,6384.0,2026-09-24,0.0,1.7851320408423872,0.5541541995586245,11.038089157225913,1.7851320408423872,1.0,0.0,0.0,PS_14921,8.293899488718392
V0238,6384.0,2026-09-24,0.0,1.7851320408423872,0.5541541995586245,11.038089157225913,1.7851320408423872,1.0,0.0,0.0,PS_14921,126.26341545295615
V0217,6384.0,2026-09-24,0.0,1.7851320408423872,0.5541541995586245,11.038089157225913,1.7851320408423872,1.0,0.0,0.0,PS_14921,100.4958568307086
V0177,6384.0,2026-09-24,0.0,1.7851320408423872,0.5541541995586245,11.038089157225913,1.7851320408423872,1.0,0.0,0.0,PS_14921,50.83407326226792
V0178,6384.0,2026-09-24,0.0,1.7851320408423872,0.5541541995586245,11.038089157225913,1.7851320408423872,1.0,0.0,0.0,PS_14921,52.862829363256914
V0118,6384.0,2026-09-24,0.0,1.7851320408423872,0.5541541995586245,11.038089157225913,1.7851320408423872,1.0,0.0,0.0,PS_14921,29.941732994798894
V0117,6384.0,2026-09-24,0.0,1.7851320408423872,0.5541541995586245,11.038089157225913,1.7851320408423872,1.0,0.0,0.0,PS_14921,26.19411481376368
V0258,6384.0,2026-09-24,0.0,1.7851320408423872,0.5541541995586245,11.038089157225913,1.7851320408423872,1.0,0.0,0.0,PS_14921,151.07980407618396
V0198,6384.0,2026-09-24,0.0,1.7851320408423872,0.5541541995586245,11.038089157225913,1.7851320408423872,1.0,0.0,0.0,PS_14921,76.98789415317934
V0077,6384.0,2026-09-24,0.0,1.7851320408423872,0.5541541995586245,11.038089157225913,1.7851320408423872,1.0,0.07033092013918138,0.0,PS_14921,75.30482995911999
V0078,6384.0,2026-09-24,0.0,1.7851320408423872,0.5541541995586245,11.038089157225913,1.7851320408423872,1.0,0.07033092013918138,0.0,PS_14921,76.68893752704604
V0098,6384.0,2026-09-24,0.0,1.7851320408423872,0.5541541995586245,11.038089157225913,1.7851320408423872,1.0,0.0,0.0,PS_14921,52.57233356889819
V0097,6384.0,2026-09-24,0.0,1.7851320408423872,0.5541541995586245,11.038089157225913,1.7851320408423872,1.0,0.0,0.0,PS_14921,50.531915984101616
V0197,6384.0,2026-09-24,0.0,1.7851320408423872,0.5541541995586245,11.038089157225913,1.7851320408423872,1.0,0.0,0.0,PS_14921,75.60925950097615
V0218,6384.0,2026-09-24,0.0,1.7851320408423872,0.5541541995586245,11.038089157225913,1.7851320408423872,1.0,0.0,0.0,PS_14921,101.53715065922165
V0257,6384.0,2026-09-24,0.0,1.7851320408423872,0.5541541995586245,11.038089157225913,1.7851320408423872,1.0,0.0,0.0,PS_14921,150.38195196180604
