model,metric,mean,std,folds
Threshold rule,pr_auc_macro,0.3702730284446659,0.002079029883259349,3
Threshold rule,recall_critical,0.05809932977359342,0.012656601211833478,3
Threshold rule,f1_macro,0.41117864672358956,0.004560405605574899,3
Threshold rule,false_alarm_rate_normal,0.2031290215543877,0.0012777541992403652,3
Logistic (C=10),pr_auc_macro,0.5568042896086977,0.01821134448953191,3
Logistic (C=10),recall_critical,0.6395982450680677,0.08165040124101237,3
Logistic (C=10),f1_macro,0.48551331642217166,0.0017458950099744827,3
Logistic (C=10),false_alarm_rate_normal,0.3845903476753593,0.010392202728815775,3
XGBoost default,pr_auc_macro,0.9008595782139761,0.008259128955864557,3
XGBoost default,recall_critical,0.6626078272242257,0.05481313739005898,3
XGBoost default,f1_macro,0.8297355355151115,0.008465652478612199,3
XGBoost default,false_alarm_rate_normal,0.021546517431638226,0.0015722723732259423,3
XGBoost tuned,pr_auc_macro,0.890775841670366,0.006443926254649525,3
XGBoost tuned,recall_critical,0.8170133644029337,0.047114277063069726,3
XGBoost tuned,f1_macro,0.7259906447851874,0.00637579769017002,3
XGBoost tuned,false_alarm_rate_normal,0.16087142860362172,0.004979786051971251,3
