experiment,state,value,parameters,critical_recall,macro_pr_auc,macro_f1,normal_fpr,normal_critical_fpr,brier,ece,fold
trial_0,COMPLETE,1.276682423559546,"{""model"": ""xgboost"", ""n_estimators"": 250, ""max_depth"": 5, ""learning_rate"": 0.08, ""critical_weight"": 1.5, ""weight_power"": 0.0, ""calibration"": ""sigmoid"", ""feature_set"": ""movement"", ""alpha"": 1.0, ""min_child_weight"": 7.699104278088062, ""reg_lambda"": 1.3199449745980831, ""colsample_bytree"": 0.7367318232711927}",0.9986504723346828,0.9951854130590779,0.8925670495947764,0.009995968015888148,0.006938927883485098,0.0087561997113753,0.01779139928074491,1.0
trial_1,COMPLETE,1.2824190615173625,"{""model"": ""random_forest"", ""n_estimators"": 250, ""max_depth"": 5, ""learning_rate"": 0.08, ""critical_weight"": 1.5, ""weight_power"": 0.0, ""calibration"": ""sigmoid"", ""feature_set"": ""movement"", ""alpha"": 1.0, ""min_samples_leaf"": 2}",0.999440715883669,0.9954086592669024,0.9171873985350164,0.013020183392287867,0.010967224475656302,0.014279505266049888,0.015967026069797725,1.0
trial_2,COMPLETE,1.2860535224966703,"{""model"": ""two_stage"", ""n_estimators"": 250, ""max_depth"": 5, ""learning_rate"": 0.08, ""critical_weight"": 1.5, ""weight_power"": 0.0, ""calibration"": ""sigmoid"", ""feature_set"": ""movement"", ""alpha"": 1.0}",0.9980911882183516,0.991716049977469,0.9439536464028584,0.004569637119080622,0.0034350701417439314,0.011385612374448005,0.01604857142581019,1.0
trial_3,COMPLETE,1.2864564098458748,"{""model"": ""xgboost"", ""n_estimators"": 250, ""max_depth"": 8, ""learning_rate"": 0.04860221669882137, ""critical_weight"": 2.665473265546586, ""weight_power"": 0.5, ""calibration"": ""sigmoid"", ""feature_set"": ""full"", ""alpha"": 1.0, ""min_child_weight"": 7.779470950258221, ""reg_lambda"": 5.633118019738694, ""colsample_bytree"": 0.9274956337715581}",0.999440715883669,0.9943965993898485,0.9378801701161047,0.00525662088136919,0.003518325274995649,0.010412939101891436,0.020140483510531156,1.0
trial_4,COMPLETE,1.284109770071538,"{""model"": ""two_stage"", ""n_estimators"": 450, ""max_depth"": 8, ""learning_rate"": 0.04260642112574674, ""critical_weight"": 2.7404230466542385, ""weight_power"": 0.0, ""calibration"": ""isotonic"", ""feature_set"": ""displacement"", ""alpha"": 0.7}",0.9957571678903557,0.9885614626327223,0.9474822795895507,0.013086547543181318,0.010568966408927382,0.012963945356508097,0.004736326624604419,1.0
trial_5,COMPLETE,1.286490973368479,"{""model"": ""two_stage"", ""n_estimators"": 250, ""max_depth"": 8, ""learning_rate"": 0.10801515953465915, ""critical_weight"": 2.4439689597935, ""weight_power"": 1.0, ""calibration"": ""none"", ""feature_set"": ""movement"", ""alpha"": 1.0}",0.9982066679346793,0.9934031578392272,0.9447199482493848,0.015008244398416562,0.012546099253955672,0.010862413793802261,0.004592965239477266,1.0
trial_6,COMPLETE,1.2897053572085737,"{""model"": ""two_stage"", ""n_estimators"": 450, ""max_depth"": 3, ""learning_rate"": 0.04455126715230277, ""critical_weight"": 2.7375671221700335, ""weight_power"": 0.5, ""calibration"": ""none"", ""feature_set"": ""full"", ""alpha"": 1.0}",0.9987659520510105,0.9941217643564162,0.9576361436096076,0.001471765856233883,0.0008488387335876343,0.0061316536739468575,0.0025861894392380145,1.0
trial_7,PRUNED,1.2749899358180818,"{""model"": ""xgboost"", ""n_estimators"": 350, ""max_depth"": 4, ""learning_rate"": 0.03978438514995239, ""critical_weight"": 1.7679197044600885, ""weight_power"": 1.0, ""calibration"": ""isotonic"", ""feature_set"": ""full"", ""alpha"": 0.7, ""min_child_weight"": 4.964073307308378, ""reg_lambda"": 3.3424225380539756, ""colsample_bytree"": 0.7142543334167666}",,,,,,,,
trial_8,COMPLETE,1.2886798482145871,"{""model"": ""xgboost"", ""n_estimators"": 150, ""max_depth"": 6, ""learning_rate"": 0.047685719125088635, ""critical_weight"": 2.7168247716476848, ""weight_power"": 1.0, ""calibration"": ""none"", ""feature_set"": ""full"", ""alpha"": 0.7, ""min_child_weight"": 3.805425082342804, ""reg_lambda"": 9.284694067950502, ""colsample_bytree"": 0.8213523020455791}",0.9976473838183483,0.9955338088760618,0.9573954175431637,0.0030321460856895326,0.0027174827754315087,0.006507498833040397,0.007651861582283022,1.0
trial_9,COMPLETE,1.2889346989867805,"{""model"": ""two_stage"", ""n_estimators"": 450, ""max_depth"": 8, ""learning_rate"": 0.051842009892205845, ""critical_weight"": 2.008020355269262, ""weight_power"": 0.0, ""calibration"": ""none"", ""feature_set"": ""full"", ""alpha"": 1.0}",1.0,0.9957394163242318,0.9468037867717859,0.008631386746870294,0.007293443727231386,0.008404668265332779,0.00392444691098011,1.0
trial_10,PRUNED,1.2862786168236724,"{""model"": ""two_stage"", ""n_estimators"": 350, ""max_depth"": 3, ""learning_rate"": 0.055294827373840304, ""critical_weight"": 2.2991003006656814, ""weight_power"": 0.5, ""calibration"": ""isotonic"", ""feature_set"": ""full"", ""alpha"": 1.0}",,,,,,,,
trial_11,COMPLETE,1.2876069995535169,"{""model"": ""two_stage"", ""n_estimators"": 350, ""max_depth"": 7, ""learning_rate"": 0.05781211844468623, ""critical_weight"": 1.8274077881940745, ""weight_power"": 0.0, ""calibration"": ""none"", ""feature_set"": ""full"", ""alpha"": 1.0}",1.0,0.9928003674828402,0.9416348140261644,0.009679636168115237,0.008243204876260122,0.012899976689368486,0.005802096793068068,1.0
trial_12,COMPLETE,1.2887276033380908,"{""model"": ""two_stage"", ""n_estimators"": 450, ""max_depth"": 6, ""learning_rate"": 0.039422825791018384, ""critical_weight"": 2.641235401768326, ""weight_power"": 0.5, ""calibration"": ""none"", ""feature_set"": ""full"", ""alpha"": 1.0}",0.9987659520510105,0.9939471593748094,0.9528346767479966,0.0035847543969185335,0.0030667150443582925,0.010106862057000399,0.004533057456334584,1.0
trial_13,PRUNED,1.2730366475845158,"{""model"": ""two_stage"", ""n_estimators"": 450, ""max_depth"": 5, ""learning_rate"": 0.06222850117227693, ""critical_weight"": 2.150505918372695, ""weight_power"": 0.5, ""calibration"": ""none"", ""feature_set"": ""displacement"", ""alpha"": 1.0}",,,,,,,,
trial_14,PRUNED,1.2741434086765786,"{""model"": ""xgboost"", ""n_estimators"": 450, ""max_depth"": 5, ""learning_rate"": 0.04260167579799387, ""critical_weight"": 1.0217731870695008, ""weight_power"": 0.0, ""calibration"": ""none"", ""feature_set"": ""full"", ""alpha"": 1.0, ""min_child_weight"": 11.08053582093656, ""reg_lambda"": 0.5210594634316108, ""colsample_bytree"": 0.9899162023847489}",,,,,,,,
trial_15,PRUNED,1.2850444694533583,"{""model"": ""two_stage"", ""n_estimators"": 350, ""max_depth"": 3, ""learning_rate"": 0.03934261647065627, ""critical_weight"": 2.453787708261646, ""weight_power"": 0.5, ""calibration"": ""none"", ""feature_set"": ""movement"", ""alpha"": 1.0}",,,,,,,,
trial_16,COMPLETE,1.2878182610128646,"{""model"": ""two_stage"", ""n_estimators"": 350, ""max_depth"": 4, ""learning_rate"": 0.0810241723953848, ""critical_weight"": 1.1691561342485115, ""weight_power"": 0.0, ""calibration"": ""none"", ""feature_set"": ""full"", ""alpha"": 1.0}",1.0,0.9910067764190674,0.943587916854789,0.009807550460360678,0.008790670248849594,0.010475263775636753,0.004566656884511793,1.0
trial_17,PRUNED,1.2861340610593208,"{""model"": ""xgboost"", ""n_estimators"": 450, ""max_depth"": 8, ""learning_rate"": 0.06683876497910983, ""critical_weight"": 2.8201207424367225, ""weight_power"": 0.0, ""calibration"": ""none"", ""feature_set"": ""full"", ""alpha"": 1.0, ""min_child_weight"": 1.4079989472851242, ""reg_lambda"": 1.9384233006603926, ""colsample_bytree"": 0.8618468007926611}",,,,,,,,
trial_18,COMPLETE,1.2889407614823303,"{""model"": ""two_stage"", ""n_estimators"": 450, ""max_depth"": 8, ""learning_rate"": 0.0801893020832031, ""critical_weight"": 2.2523650437264218, ""weight_power"": 0.5, ""calibration"": ""none"", ""feature_set"": ""full"", ""alpha"": 1.0}",0.9974164243856931,0.9963519687200519,0.9594457011231591,0.0036896421670045416,0.0030667150443582925,0.00477705857095619,0.0018753246293740182,1.0
trial_19,COMPLETE,1.288580471696024,"{""model"": ""two_stage"", ""n_estimators"": 450, ""max_depth"": 3, ""learning_rate"": 0.06679427801909746, ""critical_weight"": 2.6192884805761754, ""weight_power"": 0.5, ""calibration"": ""none"", ""feature_set"": ""full"", ""alpha"": 1.0}",0.9987659520510105,0.9953957278021469,0.951374734323995,0.006493641485566997,0.004958721921495672,0.00544417928904295,0.002068970664494234,1.0
