event_id,fold
V3_development_stable_ground_0000_0,0
V3_development_stable_ground_0000_1,0
V3_development_stable_ground_0006_0,0
V3_development_stable_ground_0006_1,0
V3_development_stable_ground_0007_0,0
V3_development_stable_ground_0007_1,0
V3_development_stable_ground_0008_0,0
V3_development_stable_ground_0008_1,0
V3_development_stable_ground_0009_0,0
V3_development_stable_ground_0009_1,0
V3_development_stable_ground_0010_0,0
V3_development_stable_ground_0010_1,0
V3_development_stable_ground_0013_0,0
V3_development_stable_ground_0013_1,0
V3_development_stable_ground_0014_0,0
V3_development_stable_ground_0014_1,0
V3_development_stable_ground_0015_0,0
V3_development_stable_ground_0015_1,0
V3_development_stable_ground_0019_0,0
V3_development_stable_ground_0019_1,0
V3_development_stable_ground_0021_0,0
V3_development_stable_ground_0021_1,0
V3_development_stable_ground_0024_0,0
V3_development_stable_ground_0024_1,0
V3_development_stable_ground_0030_0,0
V3_development_stable_ground_0030_1,0
V3_development_stable_ground_0032_0,0
V3_development_stable_ground_0032_1,0
V3_development_stable_ground_0033_0,0
V3_development_stable_ground_0033_1,0
V3_development_stable_ground_0035_0,0
V3_development_stable_ground_0035_1,0
V3_development_stable_ground_0036_0,0
V3_development_stable_ground_0036_1,0
V3_development_stable_ground_0038_0,0
V3_development_stable_ground_0038_1,0
V3_development_slow_subsidence_0007_0,0
V3_development_slow_subsidence_0007_1,0
V3_development_slow_subsidence_0012_0,0
V3_development_slow_subsidence_0012_1,0
V3_development_slow_subsidence_0014_0,0
V3_development_slow_subsidence_0014_1,0
V3_development_slow_subsidence_0015_0,0
V3_development_slow_subsidence_0015_1,0
V3_development_slow_subsidence_0017_0,0
V3_development_slow_subsidence_0017_1,0
V3_development_slow_subsidence_0018_0,0
V3_development_slow_subsidence_0018_1,0
V3_development_slow_subsidence_0020_0,0
V3_development_slow_subsidence_0020_1,0
V3_development_slow_subsidence_0023_0,0
V3_development_slow_subsidence_0023_1,0
V3_development_slow_subsidence_0029_0,0
V3_development_slow_subsidence_0029_1,0
V3_development_slow_subsidence_0034_0,0
V3_development_slow_subsidence_0034_1,0
V3_development_rapid_subsidence_0000_0,0
V3_development_rapid_subsidence_0000_1,0
V3_development_rapid_subsidence_0005_0,0
V3_development_rapid_subsidence_0005_1,0
V3_development_rapid_subsidence_0006_0,0
V3_development_rapid_subsidence_0006_1,0
V3_development_rapid_subsidence_0008_0,0
V3_development_rapid_subsidence_0008_1,0
V3_development_rapid_subsidence_0011_0,0
V3_development_rapid_subsidence_0011_1,0
V3_development_rapid_subsidence_0013_0,0
V3_development_rapid_subsidence_0013_1,0
V3_development_rapid_subsidence_0015_0,0
V3_development_rapid_subsidence_0015_1,0
V3_development_rapid_subsidence_0016_0,0
V3_development_rapid_subsidence_0016_1,0
V3_development_rapid_subsidence_0017_0,0
V3_development_rapid_subsidence_0017_1,0
V3_development_rapid_subsidence_0018_0,0
V3_development_rapid_subsidence_0018_1,0
V3_development_rapid_subsidence_0022_0,0
V3_development_rapid_subsidence_0022_1,0
V3_development_rapid_subsidence_0026_0,0
V3_development_rapid_subsidence_0026_1,0
V3_development_rapid_subsidence_0028_0,0
V3_development_rapid_subsidence_0028_1,0
V3_development_rapid_subsidence_0033_0,0
V3_development_rapid_subsidence_0033_1,0
V3_development_rapid_subsidence_0034_0,0
V3_development_rapid_subsidence_0034_1,0
V3_development_rapid_subsidence_0036_0,0
V3_development_rapid_subsidence_0036_1,0
V3_development_rapid_subsidence_0038_0,0
V3_development_rapid_subsidence_0038_1,0
V3_development_accelerating_subsidence_0001_0,0
V3_development_accelerating_subsidence_0001_1,0
V3_development_accelerating_subsidence_0005_0,0
V3_development_accelerating_subsidence_0005_1,0
V3_development_accelerating_subsidence_0006_0,0
V3_development_accelerating_subsidence_0006_1,0
V3_development_accelerating_subsidence_0008_0,0
V3_development_accelerating_subsidence_0008_1,0
V3_development_accelerating_subsidence_0011_0,0
V3_development_accelerating_subsidence_0011_1,0
V3_development_accelerating_subsidence_0012_0,0
V3_development_accelerating_subsidence_0012_1,0
V3_development_accelerating_subsidence_0015_0,0
V3_development_accelerating_subsidence_0015_1,0
V3_development_accelerating_subsidence_0019_0,0
V3_development_accelerating_subsidence_0019_1,0
V3_development_accelerating_subsidence_0021_0,0
V3_development_accelerating_subsidence_0021_1,0
V3_development_accelerating_subsidence_0026_0,0
V3_development_accelerating_subsidence_0026_1,0
V3_development_accelerating_subsidence_0032_0,0
V3_development_accelerating_subsidence_0032_1,0
V3_development_accelerating_subsidence_0034_0,0
V3_development_accelerating_subsidence_0034_1,0
V3_development_accelerating_subsidence_0035_0,0
V3_development_accelerating_subsidence_0035_1,0
V3_development_accelerating_subsidence_0036_0,0
V3_development_accelerating_subsidence_0036_1,0
V3_development_accelerating_subsidence_0039_0,0
V3_development_accelerating_subsidence_0039_1,0
V3_development_irregular_subsidence_0001_0,0
V3_development_irregular_subsidence_0001_1,0
V3_development_irregular_subsidence_0010_0,0
V3_development_irregular_subsidence_0010_1,0
V3_development_irregular_subsidence_0013_0,0
V3_development_irregular_subsidence_0013_1,0
V3_development_irregular_subsidence_0015_0,0
V3_development_irregular_subsidence_0015_1,0
V3_development_irregular_subsidence_0018_0,0
V3_development_irregular_subsidence_0018_1,0
V3_development_irregular_subsidence_0020_0,0
V3_development_irregular_subsidence_0020_1,0
V3_development_irregular_subsidence_0028_0,0
V3_development_irregular_subsidence_0028_1,0
V3_development_irregular_subsidence_0036_0,0
V3_development_irregular_subsidence_0036_1,0
V3_development_irregular_subsidence_0039_0,0
V3_development_irregular_subsidence_0039_1,0
V3_development_multiple_zones_0004_0,0
V3_development_multiple_zones_0004_1,0
V3_development_multiple_zones_0013_0,0
V3_development_multiple_zones_0013_1,0
V3_development_multiple_zones_0019_0,0
V3_development_multiple_zones_0019_1,0
V3_development_multiple_zones_0025_0,0
V3_development_multiple_zones_0025_1,0
V3_development_multiple_zones_0027_0,0
V3_development_multiple_zones_0027_1,0
V3_development_multiple_zones_0035_0,0
V3_development_multiple_zones_0035_1,0
V3_development_multiple_zones_0036_0,0
V3_development_multiple_zones_0036_1,0
V3_development_multiple_zones_0038_0,0
V3_development_multiple_zones_0038_1,0
V3_development_multiple_zones_0039_0,0
V3_development_multiple_zones_0039_1,0
V3_development_sensor_bias_0000_0,0
V3_development_sensor_bias_0000_1,0
V3_development_sensor_bias_0004_0,0
V3_development_sensor_bias_0004_1,0
V3_development_sensor_bias_0005_0,0
V3_development_sensor_bias_0005_1,0
V3_development_sensor_bias_0006_0,0
V3_development_sensor_bias_0006_1,0
V3_development_sensor_bias_0008_0,0
V3_development_sensor_bias_0008_1,0
V3_development_sensor_bias_0013_0,0
V3_development_sensor_bias_0013_1,0
V3_development_sensor_bias_0014_0,0
V3_development_sensor_bias_0014_1,0
V3_development_sensor_bias_0016_0,0
V3_development_sensor_bias_0016_1,0
V3_development_sensor_bias_0017_0,0
V3_development_sensor_bias_0017_1,0
V3_development_sensor_bias_0022_0,0
V3_development_sensor_bias_0022_1,0
V3_development_sensor_bias_0023_0,0
V3_development_sensor_bias_0023_1,0
V3_development_sensor_bias_0025_0,0
V3_development_sensor_bias_0025_1,0
V3_development_sensor_bias_0026_0,0
V3_development_sensor_bias_0026_1,0
V3_development_sensor_bias_0027_0,0
V3_development_sensor_bias_0027_1,0
V3_development_sensor_bias_0030_0,0
V3_development_sensor_bias_0030_1,0
V3_development_sensor_bias_0032_0,0
V3_development_sensor_bias_0032_1,0
V3_development_sensor_bias_0033_0,0
V3_development_sensor_bias_0033_1,0
V3_development_sensor_bias_0034_0,0
V3_development_sensor_bias_0034_1,0
V3_development_sensor_stuck_0002_0,0
V3_development_sensor_stuck_0002_1,0
V3_development_sensor_stuck_0009_0,0
V3_development_sensor_stuck_0009_1,0
V3_development_sensor_stuck_0016_0,0
V3_development_sensor_stuck_0016_1,0
V3_development_sensor_stuck_0022_0,0
V3_development_sensor_stuck_0022_1,0
V3_development_sensor_stuck_0024_0,0
V3_development_sensor_stuck_0024_1,0
V3_development_sensor_stuck_0025_0,0
V3_development_sensor_stuck_0025_1,0
V3_development_sensor_stuck_0029_0,0
V3_development_sensor_stuck_0029_1,0
V3_development_sensor_dropout_0001_0,0
V3_development_sensor_dropout_0001_1,0
V3_development_sensor_dropout_0002_0,0
V3_development_sensor_dropout_0002_1,0
V3_development_sensor_dropout_0007_0,0
V3_development_sensor_dropout_0007_1,0
V3_development_sensor_dropout_0009_0,0
V3_development_sensor_dropout_0009_1,0
V3_development_sensor_dropout_0015_0,0
V3_development_sensor_dropout_0015_1,0
V3_development_sensor_dropout_0018_0,0
V3_development_sensor_dropout_0018_1,0
V3_development_sensor_dropout_0023_0,0
V3_development_sensor_dropout_0023_1,0
V3_development_sensor_dropout_0026_0,0
V3_development_sensor_dropout_0026_1,0
V3_development_sensor_dropout_0028_0,0
V3_development_sensor_dropout_0028_1,0
V3_development_sensor_dropout_0030_0,0
V3_development_sensor_dropout_0030_1,0
V3_development_sensor_dropout_0032_0,0
V3_development_sensor_dropout_0032_1,0
V3_development_sensor_dropout_0033_0,0
V3_development_sensor_dropout_0033_1,0
V3_development_sensor_dropout_0035_0,0
V3_development_sensor_dropout_0035_1,0
V3_development_sensor_dropout_0038_0,0
V3_development_sensor_dropout_0038_1,0
V3_development_sensor_spike_0001_0,0
V3_development_sensor_spike_0001_1,0
V3_development_sensor_spike_0002_0,0
V3_development_sensor_spike_0002_1,0
V3_development_sensor_spike_0004_0,0
V3_development_sensor_spike_0004_1,0
V3_development_sensor_spike_0007_0,0
V3_development_sensor_spike_0007_1,0
V3_development_sensor_spike_0008_0,0
V3_development_sensor_spike_0008_1,0
V3_development_sensor_spike_0013_0,0
V3_development_sensor_spike_0013_1,0
V3_development_sensor_spike_0017_0,0
V3_development_sensor_spike_0017_1,0
V3_development_sensor_spike_0019_0,0
V3_development_sensor_spike_0019_1,0
V3_development_sensor_spike_0023_0,0
V3_development_sensor_spike_0023_1,0
V3_development_sensor_spike_0026_0,0
V3_development_sensor_spike_0026_1,0
V3_development_sensor_spike_0031_0,0
V3_development_sensor_spike_0031_1,0
V3_development_sensor_spike_0039_0,0
V3_development_sensor_spike_0039_1,0
V3_development_sensor_drift_0002_0,0
V3_development_sensor_drift_0002_1,0
V3_development_sensor_drift_0003_0,0
V3_development_sensor_drift_0003_1,0
V3_development_sensor_drift_0004_0,0
V3_development_sensor_drift_0004_1,0
V3_development_sensor_drift_0014_0,0
V3_development_sensor_drift_0014_1,0
V3_development_sensor_drift_0018_0,0
V3_development_sensor_drift_0018_1,0
V3_development_sensor_drift_0020_0,0
V3_development_sensor_drift_0020_1,0
V3_development_sensor_drift_0021_0,0
V3_development_sensor_drift_0021_1,0
V3_development_sensor_drift_0023_0,0
V3_development_sensor_drift_0023_1,0
V3_development_sensor_drift_0027_0,0
V3_development_sensor_drift_0027_1,0
V3_development_sensor_drift_0030_0,0
V3_development_sensor_drift_0030_1,0
V3_development_sensor_drift_0032_0,0
V3_development_sensor_drift_0032_1,0
V3_development_sensor_drift_0034_0,0
V3_development_sensor_drift_0034_1,0
V3_development_sensor_drift_0035_0,0
V3_development_sensor_drift_0035_1,0
V3_development_sensor_drift_0036_0,0
V3_development_sensor_drift_0036_1,0
V3_development_sensor_drift_0038_0,0
V3_development_sensor_drift_0038_1,0
V3_development_sensor_drift_0039_0,0
V3_development_sensor_drift_0039_1,0
V3_development_slow_drift_temperature_0001_0,0
V3_development_slow_drift_temperature_0001_1,0
V3_development_slow_drift_temperature_0002_0,0
V3_development_slow_drift_temperature_0002_1,0
V3_development_slow_drift_temperature_0003_0,0
V3_development_slow_drift_temperature_0003_1,0
V3_development_slow_drift_temperature_0006_0,0
V3_development_slow_drift_temperature_0006_1,0
V3_development_slow_drift_temperature_0008_0,0
V3_development_slow_drift_temperature_0008_1,0
V3_development_slow_drift_temperature_0009_0,0
V3_development_slow_drift_temperature_0009_1,0
V3_development_slow_drift_temperature_0010_0,0
V3_development_slow_drift_temperature_0010_1,0
V3_development_slow_drift_temperature_0012_0,0
V3_development_slow_drift_temperature_0012_1,0
V3_development_slow_drift_temperature_0017_0,0
V3_development_slow_drift_temperature_0017_1,0
V3_development_slow_drift_temperature_0022_0,0
V3_development_slow_drift_temperature_0022_1,0
V3_development_slow_drift_temperature_0023_0,0
V3_development_slow_drift_temperature_0023_1,0
V3_development_slow_drift_temperature_0024_0,0
V3_development_slow_drift_temperature_0024_1,0
V3_development_slow_drift_temperature_0026_0,0
V3_development_slow_drift_temperature_0026_1,0
V3_development_slow_drift_temperature_0030_0,0
V3_development_slow_drift_temperature_0030_1,0
V3_development_slow_drift_temperature_0036_0,0
V3_development_slow_drift_temperature_0036_1,0
V3_development_slow_drift_temperature_0038_0,0
V3_development_slow_drift_temperature_0038_1,0
V3_development_slow_drift_temperature_0039_0,0
V3_development_slow_drift_temperature_0039_1,0
V3_development_packet_loss_0000_0,0
V3_development_packet_loss_0000_1,0
V3_development_packet_loss_0012_0,0
V3_development_packet_loss_0012_1,0
V3_development_packet_loss_0017_0,0
V3_development_packet_loss_0017_1,0
V3_development_packet_loss_0018_0,0
V3_development_packet_loss_0018_1,0
V3_development_packet_loss_0024_0,0
V3_development_packet_loss_0024_1,0
V3_development_packet_loss_0030_0,0
V3_development_packet_loss_0030_1,0
V3_development_packet_loss_0032_0,0
V3_development_packet_loss_0032_1,0
V3_development_packet_loss_0038_0,0
V3_development_packet_loss_0038_1,0
V3_development_vibration_only_0002_0,0
V3_development_vibration_only_0002_1,0
V3_development_vibration_only_0006_0,0
V3_development_vibration_only_0006_1,0
V3_development_vibration_only_0007_0,0
V3_development_vibration_only_0007_1,0
V3_development_vibration_only_0012_0,0
V3_development_vibration_only_0012_1,0
V3_development_vibration_only_0013_0,0
V3_development_vibration_only_0013_1,0
V3_development_vibration_only_0014_0,0
V3_development_vibration_only_0014_1,0
V3_development_vibration_only_0015_0,0
V3_development_vibration_only_0015_1,0
V3_development_vibration_only_0017_0,0
V3_development_vibration_only_0017_1,0
V3_development_vibration_only_0020_0,0
V3_development_vibration_only_0020_1,0
V3_development_vibration_only_0024_0,0
V3_development_vibration_only_0024_1,0
V3_development_vibration_only_0026_0,0
V3_development_vibration_only_0026_1,0
V3_development_vibration_only_0028_0,0
V3_development_vibration_only_0028_1,0
V3_development_vibration_only_0030_0,0
V3_development_vibration_only_0030_1,0
V3_development_vibration_only_0032_0,0
V3_development_vibration_only_0032_1,0
V3_development_vibration_only_0033_0,0
V3_development_vibration_only_0033_1,0
V3_development_vibration_only_0034_0,0
V3_development_vibration_only_0034_1,0
V3_development_vibration_only_0038_0,0
V3_development_vibration_only_0038_1,0
V3_development_single_node_disturbance_0002_0,0
V3_development_single_node_disturbance_0002_1,0
V3_development_single_node_disturbance_0003_0,0
V3_development_single_node_disturbance_0003_1,0
V3_development_single_node_disturbance_0014_0,0
V3_development_single_node_disturbance_0014_1,0
V3_development_single_node_disturbance_0016_0,0
V3_development_single_node_disturbance_0016_1,0
V3_development_single_node_disturbance_0018_0,0
V3_development_single_node_disturbance_0018_1,0
V3_development_single_node_disturbance_0019_0,0
V3_development_single_node_disturbance_0019_1,0
V3_development_single_node_disturbance_0020_0,0
V3_development_single_node_disturbance_0020_1,0
V3_development_single_node_disturbance_0024_0,0
V3_development_single_node_disturbance_0024_1,0
V3_development_single_node_disturbance_0030_0,0
V3_development_single_node_disturbance_0030_1,0
V3_development_single_node_disturbance_0031_0,0
V3_development_single_node_disturbance_0031_1,0
V3_development_single_node_disturbance_0034_0,0
V3_development_single_node_disturbance_0034_1,0
V3_development_single_node_disturbance_0035_0,0
V3_development_single_node_disturbance_0035_1,0
V3_development_single_node_disturbance_0036_0,0
V3_development_single_node_disturbance_0036_1,0
V3_development_single_node_disturbance_0037_0,0
V3_development_single_node_disturbance_0037_1,0
V3_development_communication_failure_0001_0,0
V3_development_communication_failure_0001_1,0
V3_development_communication_failure_0004_0,0
V3_development_communication_failure_0004_1,0
V3_development_communication_failure_0008_0,0
V3_development_communication_failure_0008_1,0
V3_development_communication_failure_0009_0,0
V3_development_communication_failure_0009_1,0
V3_development_communication_failure_0014_0,0
V3_development_communication_failure_0014_1,0
V3_development_communication_failure_0015_0,0
V3_development_communication_failure_0015_1,0
V3_development_communication_failure_0026_0,0
V3_development_communication_failure_0026_1,0
V3_development_communication_failure_0029_0,0
V3_development_communication_failure_0029_1,0
V3_development_communication_failure_0030_0,0
V3_development_communication_failure_0030_1,0
V3_development_communication_failure_0032_0,0
V3_development_communication_failure_0032_1,0
V3_development_communication_failure_0036_0,0
V3_development_communication_failure_0036_1,0
V3_development_communication_failure_0038_0,0
V3_development_communication_failure_0038_1,0
V3_development_communication_failure_0039_0,0
V3_development_communication_failure_0039_1,0
V3_development_stable_ground_0002_0,1
V3_development_stable_ground_0002_1,1
V3_development_stable_ground_0003_0,1
V3_development_stable_ground_0003_1,1
V3_development_stable_ground_0005_0,1
V3_development_stable_ground_0005_1,1
V3_development_stable_ground_0018_0,1
V3_development_stable_ground_0018_1,1
V3_development_stable_ground_0020_0,1
V3_development_stable_ground_0020_1,1
V3_development_stable_ground_0026_0,1
V3_development_stable_ground_0026_1,1
V3_development_stable_ground_0029_0,1
V3_development_stable_ground_0029_1,1
V3_development_stable_ground_0031_0,1
V3_development_stable_ground_0031_1,1
V3_development_stable_ground_0037_0,1
V3_development_stable_ground_0037_1,1
V3_development_stable_ground_0039_0,1
V3_development_stable_ground_0039_1,1
V3_development_slow_subsidence_0004_0,1
V3_development_slow_subsidence_0004_1,1
V3_development_slow_subsidence_0006_0,1
V3_development_slow_subsidence_0006_1,1
V3_development_slow_subsidence_0009_0,1
V3_development_slow_subsidence_0009_1,1
V3_development_slow_subsidence_0011_0,1
V3_development_slow_subsidence_0011_1,1
V3_development_slow_subsidence_0013_0,1
V3_development_slow_subsidence_0013_1,1
V3_development_slow_subsidence_0016_0,1
V3_development_slow_subsidence_0016_1,1
V3_development_slow_subsidence_0022_0,1
V3_development_slow_subsidence_0022_1,1
V3_development_slow_subsidence_0032_0,1
V3_development_slow_subsidence_0032_1,1
V3_development_slow_subsidence_0033_0,1
V3_development_slow_subsidence_0033_1,1
V3_development_slow_subsidence_0036_0,1
V3_development_slow_subsidence_0036_1,1
V3_development_slow_subsidence_0037_0,1
V3_development_slow_subsidence_0037_1,1
V3_development_slow_subsidence_0038_0,1
V3_development_slow_subsidence_0038_1,1
V3_development_rapid_subsidence_0002_0,1
V3_development_rapid_subsidence_0002_1,1
V3_development_rapid_subsidence_0007_0,1
V3_development_rapid_subsidence_0007_1,1
V3_development_rapid_subsidence_0010_0,1
V3_development_rapid_subsidence_0010_1,1
V3_development_rapid_subsidence_0012_0,1
V3_development_rapid_subsidence_0012_1,1
V3_development_rapid_subsidence_0014_0,1
V3_development_rapid_subsidence_0014_1,1
V3_development_rapid_subsidence_0019_0,1
V3_development_rapid_subsidence_0019_1,1
V3_development_rapid_subsidence_0024_0,1
V3_development_rapid_subsidence_0024_1,1
V3_development_rapid_subsidence_0029_0,1
V3_development_rapid_subsidence_0029_1,1
V3_development_rapid_subsidence_0030_0,1
V3_development_rapid_subsidence_0030_1,1
V3_development_rapid_subsidence_0031_0,1
V3_development_rapid_subsidence_0031_1,1
V3_development_rapid_subsidence_0035_0,1
V3_development_rapid_subsidence_0035_1,1
V3_development_rapid_subsidence_0037_0,1
V3_development_rapid_subsidence_0037_1,1
V3_development_rapid_subsidence_0039_0,1
V3_development_rapid_subsidence_0039_1,1
V3_development_accelerating_subsidence_0000_0,1
V3_development_accelerating_subsidence_0000_1,1
V3_development_accelerating_subsidence_0002_0,1
V3_development_accelerating_subsidence_0002_1,1
V3_development_accelerating_subsidence_0009_0,1
V3_development_accelerating_subsidence_0009_1,1
V3_development_accelerating_subsidence_0010_0,1
V3_development_accelerating_subsidence_0010_1,1
V3_development_accelerating_subsidence_0014_0,1
V3_development_accelerating_subsidence_0014_1,1
V3_development_accelerating_subsidence_0017_0,1
V3_development_accelerating_subsidence_0017_1,1
V3_development_accelerating_subsidence_0018_0,1
V3_development_accelerating_subsidence_0018_1,1
V3_development_accelerating_subsidence_0023_0,1
V3_development_accelerating_subsidence_0023_1,1
V3_development_accelerating_subsidence_0028_0,1
V3_development_accelerating_subsidence_0028_1,1
V3_development_accelerating_subsidence_0030_0,1
V3_development_accelerating_subsidence_0030_1,1
V3_development_accelerating_subsidence_0038_0,1
V3_development_accelerating_subsidence_0038_1,1
V3_development_irregular_subsidence_0002_0,1
V3_development_irregular_subsidence_0002_1,1
V3_development_irregular_subsidence_0004_0,1
V3_development_irregular_subsidence_0004_1,1
V3_development_irregular_subsidence_0005_0,1
V3_development_irregular_subsidence_0005_1,1
V3_development_irregular_subsidence_0006_0,1
V3_development_irregular_subsidence_0006_1,1
V3_development_irregular_subsidence_0008_0,1
V3_development_irregular_subsidence_0008_1,1
V3_development_irregular_subsidence_0009_0,1
V3_development_irregular_subsidence_0009_1,1
V3_development_irregular_subsidence_0014_0,1
V3_development_irregular_subsidence_0014_1,1
V3_development_irregular_subsidence_0016_0,1
V3_development_irregular_subsidence_0016_1,1
V3_development_irregular_subsidence_0022_0,1
V3_development_irregular_subsidence_0022_1,1
V3_development_irregular_subsidence_0024_0,1
V3_development_irregular_subsidence_0024_1,1
V3_development_irregular_subsidence_0025_0,1
V3_development_irregular_subsidence_0025_1,1
V3_development_irregular_subsidence_0030_0,1
V3_development_irregular_subsidence_0030_1,1
V3_development_irregular_subsidence_0031_0,1
V3_development_irregular_subsidence_0031_1,1
V3_development_irregular_subsidence_0033_0,1
V3_development_irregular_subsidence_0033_1,1
V3_development_multiple_zones_0001_0,1
V3_development_multiple_zones_0001_1,1
V3_development_multiple_zones_0002_0,1
V3_development_multiple_zones_0002_1,1
V3_development_multiple_zones_0005_0,1
V3_development_multiple_zones_0005_1,1
V3_development_multiple_zones_0006_0,1
V3_development_multiple_zones_0006_1,1
V3_development_multiple_zones_0008_0,1
V3_development_multiple_zones_0008_1,1
V3_development_multiple_zones_0010_0,1
V3_development_multiple_zones_0010_1,1
V3_development_multiple_zones_0011_0,1
V3_development_multiple_zones_0011_1,1
V3_development_multiple_zones_0012_0,1
V3_development_multiple_zones_0012_1,1
V3_development_multiple_zones_0015_0,1
V3_development_multiple_zones_0015_1,1
V3_development_multiple_zones_0020_0,1
V3_development_multiple_zones_0020_1,1
V3_development_multiple_zones_0022_0,1
V3_development_multiple_zones_0022_1,1
V3_development_multiple_zones_0026_0,1
V3_development_multiple_zones_0026_1,1
V3_development_multiple_zones_0028_0,1
V3_development_multiple_zones_0028_1,1
V3_development_multiple_zones_0029_0,1
V3_development_multiple_zones_0029_1,1
V3_development_multiple_zones_0030_0,1
V3_development_multiple_zones_0030_1,1
V3_development_multiple_zones_0031_0,1
V3_development_multiple_zones_0031_1,1
V3_development_multiple_zones_0032_0,1
V3_development_multiple_zones_0032_1,1
V3_development_multiple_zones_0034_0,1
V3_development_multiple_zones_0034_1,1
V3_development_sensor_bias_0001_0,1
V3_development_sensor_bias_0001_1,1
V3_development_sensor_bias_0003_0,1
V3_development_sensor_bias_0003_1,1
V3_development_sensor_bias_0009_0,1
V3_development_sensor_bias_0009_1,1
V3_development_sensor_bias_0010_0,1
V3_development_sensor_bias_0010_1,1
V3_development_sensor_bias_0011_0,1
V3_development_sensor_bias_0011_1,1
V3_development_sensor_bias_0018_0,1
V3_development_sensor_bias_0018_1,1
V3_development_sensor_bias_0019_0,1
V3_development_sensor_bias_0019_1,1
V3_development_sensor_bias_0021_0,1
V3_development_sensor_bias_0021_1,1
V3_development_sensor_bias_0028_0,1
V3_development_sensor_bias_0028_1,1
V3_development_sensor_bias_0029_0,1
V3_development_sensor_bias_0029_1,1
V3_development_sensor_bias_0035_0,1
V3_development_sensor_bias_0035_1,1
V3_development_sensor_bias_0036_0,1
V3_development_sensor_bias_0036_1,1
V3_development_sensor_bias_0038_0,1
V3_development_sensor_bias_0038_1,1
V3_development_sensor_stuck_0000_0,1
V3_development_sensor_stuck_0000_1,1
V3_development_sensor_stuck_0001_0,1
V3_development_sensor_stuck_0001_1,1
V3_development_sensor_stuck_0004_0,1
V3_development_sensor_stuck_0004_1,1
V3_development_sensor_stuck_0006_0,1
V3_development_sensor_stuck_0006_1,1
V3_development_sensor_stuck_0008_0,1
V3_development_sensor_stuck_0008_1,1
V3_development_sensor_stuck_0010_0,1
V3_development_sensor_stuck_0010_1,1
V3_development_sensor_stuck_0013_0,1
V3_development_sensor_stuck_0013_1,1
V3_development_sensor_stuck_0015_0,1
V3_development_sensor_stuck_0015_1,1
V3_development_sensor_stuck_0017_0,1
V3_development_sensor_stuck_0017_1,1
V3_development_sensor_stuck_0018_0,1
V3_development_sensor_stuck_0018_1,1
V3_development_sensor_stuck_0021_0,1
V3_development_sensor_stuck_0021_1,1
V3_development_sensor_stuck_0027_0,1
V3_development_sensor_stuck_0027_1,1
V3_development_sensor_stuck_0030_0,1
V3_development_sensor_stuck_0030_1,1
V3_development_sensor_stuck_0033_0,1
V3_development_sensor_stuck_0033_1,1
V3_development_sensor_stuck_0034_0,1
V3_development_sensor_stuck_0034_1,1
V3_development_sensor_stuck_0035_0,1
V3_development_sensor_stuck_0035_1,1
V3_development_sensor_stuck_0036_0,1
V3_development_sensor_stuck_0036_1,1
V3_development_sensor_stuck_0037_0,1
V3_development_sensor_stuck_0037_1,1
V3_development_sensor_stuck_0038_0,1
V3_development_sensor_stuck_0038_1,1
V3_development_sensor_stuck_0039_0,1
V3_development_sensor_stuck_0039_1,1
V3_development_sensor_dropout_0000_0,1
V3_development_sensor_dropout_0000_1,1
V3_development_sensor_dropout_0003_0,1
V3_development_sensor_dropout_0003_1,1
V3_development_sensor_dropout_0005_0,1
V3_development_sensor_dropout_0005_1,1
V3_development_sensor_dropout_0008_0,1
V3_development_sensor_dropout_0008_1,1
V3_development_sensor_dropout_0011_0,1
V3_development_sensor_dropout_0011_1,1
V3_development_sensor_dropout_0012_0,1
V3_development_sensor_dropout_0012_1,1
V3_development_sensor_dropout_0014_0,1
V3_development_sensor_dropout_0014_1,1
V3_development_sensor_dropout_0019_0,1
V3_development_sensor_dropout_0019_1,1
V3_development_sensor_dropout_0020_0,1
V3_development_sensor_dropout_0020_1,1
V3_development_sensor_dropout_0024_0,1
V3_development_sensor_dropout_0024_1,1
V3_development_sensor_dropout_0025_0,1
V3_development_sensor_dropout_0025_1,1
V3_development_sensor_dropout_0029_0,1
V3_development_sensor_dropout_0029_1,1
V3_development_sensor_dropout_0031_0,1
V3_development_sensor_dropout_0031_1,1
V3_development_sensor_dropout_0036_0,1
V3_development_sensor_dropout_0036_1,1
V3_development_sensor_dropout_0039_0,1
V3_development_sensor_dropout_0039_1,1
V3_development_sensor_spike_0005_0,1
V3_development_sensor_spike_0005_1,1
V3_development_sensor_spike_0006_0,1
V3_development_sensor_spike_0006_1,1
V3_development_sensor_spike_0011_0,1
V3_development_sensor_spike_0011_1,1
V3_development_sensor_spike_0014_0,1
V3_development_sensor_spike_0014_1,1
V3_development_sensor_spike_0015_0,1
V3_development_sensor_spike_0015_1,1
V3_development_sensor_spike_0018_0,1
V3_development_sensor_spike_0018_1,1
V3_development_sensor_spike_0022_0,1
V3_development_sensor_spike_0022_1,1
V3_development_sensor_spike_0024_0,1
V3_development_sensor_spike_0024_1,1
V3_development_sensor_spike_0027_0,1
V3_development_sensor_spike_0027_1,1
V3_development_sensor_spike_0029_0,1
V3_development_sensor_spike_0029_1,1
V3_development_sensor_spike_0033_0,1
V3_development_sensor_spike_0033_1,1
V3_development_sensor_spike_0035_0,1
V3_development_sensor_spike_0035_1,1
V3_development_sensor_spike_0037_0,1
V3_development_sensor_spike_0037_1,1
V3_development_sensor_spike_0038_0,1
V3_development_sensor_spike_0038_1,1
V3_development_sensor_drift_0005_0,1
V3_development_sensor_drift_0005_1,1
V3_development_sensor_drift_0008_0,1
V3_development_sensor_drift_0008_1,1
V3_development_sensor_drift_0012_0,1
V3_development_sensor_drift_0012_1,1
V3_development_sensor_drift_0016_0,1
V3_development_sensor_drift_0016_1,1
V3_development_sensor_drift_0017_0,1
V3_development_sensor_drift_0017_1,1
V3_development_sensor_drift_0024_0,1
V3_development_sensor_drift_0024_1,1
V3_development_sensor_drift_0028_0,1
V3_development_sensor_drift_0028_1,1
V3_development_sensor_drift_0031_0,1
V3_development_sensor_drift_0031_1,1
V3_development_sensor_drift_0033_0,1
V3_development_sensor_drift_0033_1,1
V3_development_slow_drift_temperature_0000_0,1
V3_development_slow_drift_temperature_0000_1,1
V3_development_slow_drift_temperature_0007_0,1
V3_development_slow_drift_temperature_0007_1,1
V3_development_slow_drift_temperature_0011_0,1
V3_development_slow_drift_temperature_0011_1,1
V3_development_slow_drift_temperature_0016_0,1
V3_development_slow_drift_temperature_0016_1,1
V3_development_slow_drift_temperature_0018_0,1
V3_development_slow_drift_temperature_0018_1,1
V3_development_slow_drift_temperature_0028_0,1
V3_development_slow_drift_temperature_0028_1,1
V3_development_packet_loss_0001_0,1
V3_development_packet_loss_0001_1,1
V3_development_packet_loss_0004_0,1
V3_development_packet_loss_0004_1,1
V3_development_packet_loss_0007_0,1
V3_development_packet_loss_0007_1,1
V3_development_packet_loss_0010_0,1
V3_development_packet_loss_0010_1,1
V3_development_packet_loss_0011_0,1
V3_development_packet_loss_0011_1,1
V3_development_packet_loss_0013_0,1
V3_development_packet_loss_0013_1,1
V3_development_packet_loss_0015_0,1
V3_development_packet_loss_0015_1,1
V3_development_packet_loss_0016_0,1
V3_development_packet_loss_0016_1,1
V3_development_packet_loss_0020_0,1
V3_development_packet_loss_0020_1,1
V3_development_packet_loss_0025_0,1
V3_development_packet_loss_0025_1,1
V3_development_packet_loss_0027_0,1
V3_development_packet_loss_0027_1,1
V3_development_packet_loss_0029_0,1
V3_development_packet_loss_0029_1,1
V3_development_packet_loss_0033_0,1
V3_development_packet_loss_0033_1,1
V3_development_packet_loss_0034_0,1
V3_development_packet_loss_0034_1,1
V3_development_packet_loss_0035_0,1
V3_development_packet_loss_0035_1,1
V3_development_packet_loss_0036_0,1
V3_development_packet_loss_0036_1,1
V3_development_packet_loss_0037_0,1
V3_development_packet_loss_0037_1,1
V3_development_vibration_only_0005_0,1
V3_development_vibration_only_0005_1,1
V3_development_vibration_only_0008_0,1
V3_development_vibration_only_0008_1,1
V3_development_vibration_only_0009_0,1
V3_development_vibration_only_0009_1,1
V3_development_vibration_only_0019_0,1
V3_development_vibration_only_0019_1,1
V3_development_vibration_only_0021_0,1
V3_development_vibration_only_0021_1,1
V3_development_vibration_only_0029_0,1
V3_development_vibration_only_0029_1,1
V3_development_vibration_only_0031_0,1
V3_development_vibration_only_0031_1,1
V3_development_vibration_only_0035_0,1
V3_development_vibration_only_0035_1,1
V3_development_vibration_only_0036_0,1
V3_development_vibration_only_0036_1,1
V3_development_vibration_only_0037_0,1
V3_development_vibration_only_0037_1,1
V3_development_vibration_only_0039_0,1
V3_development_vibration_only_0039_1,1
V3_development_single_node_disturbance_0006_0,1
V3_development_single_node_disturbance_0006_1,1
V3_development_single_node_disturbance_0010_0,1
V3_development_single_node_disturbance_0010_1,1
V3_development_single_node_disturbance_0012_0,1
V3_development_single_node_disturbance_0012_1,1
V3_development_single_node_disturbance_0013_0,1
V3_development_single_node_disturbance_0013_1,1
V3_development_single_node_disturbance_0015_0,1
V3_development_single_node_disturbance_0015_1,1
V3_development_single_node_disturbance_0017_0,1
V3_development_single_node_disturbance_0017_1,1
V3_development_single_node_disturbance_0022_0,1
V3_development_single_node_disturbance_0022_1,1
V3_development_single_node_disturbance_0023_0,1
V3_development_single_node_disturbance_0023_1,1
V3_development_single_node_disturbance_0028_0,1
V3_development_single_node_disturbance_0028_1,1
V3_development_single_node_disturbance_0032_0,1
V3_development_single_node_disturbance_0032_1,1
V3_development_single_node_disturbance_0038_0,1
V3_development_single_node_disturbance_0038_1,1
V3_development_single_node_disturbance_0039_0,1
V3_development_single_node_disturbance_0039_1,1
V3_development_communication_failure_0000_0,1
V3_development_communication_failure_0000_1,1
V3_development_communication_failure_0003_0,1
V3_development_communication_failure_0003_1,1
V3_development_communication_failure_0005_0,1
V3_development_communication_failure_0005_1,1
V3_development_communication_failure_0010_0,1
V3_development_communication_failure_0010_1,1
V3_development_communication_failure_0012_0,1
V3_development_communication_failure_0012_1,1
V3_development_communication_failure_0016_0,1
V3_development_communication_failure_0016_1,1
V3_development_communication_failure_0017_0,1
V3_development_communication_failure_0017_1,1
V3_development_communication_failure_0018_0,1
V3_development_communication_failure_0018_1,1
V3_development_communication_failure_0019_0,1
V3_development_communication_failure_0019_1,1
V3_development_communication_failure_0020_0,1
V3_development_communication_failure_0020_1,1
V3_development_communication_failure_0021_0,1
V3_development_communication_failure_0021_1,1
V3_development_communication_failure_0022_0,1
V3_development_communication_failure_0022_1,1
V3_development_communication_failure_0024_0,1
V3_development_communication_failure_0024_1,1
V3_development_communication_failure_0025_0,1
V3_development_communication_failure_0025_1,1
V3_development_communication_failure_0027_0,1
V3_development_communication_failure_0027_1,1
V3_development_communication_failure_0031_0,1
V3_development_communication_failure_0031_1,1
V3_development_communication_failure_0033_0,1
V3_development_communication_failure_0033_1,1
V3_development_communication_failure_0037_0,1
V3_development_communication_failure_0037_1,1
V3_development_stable_ground_0001_0,2
V3_development_stable_ground_0001_1,2
V3_development_stable_ground_0004_0,2
V3_development_stable_ground_0004_1,2
V3_development_stable_ground_0011_0,2
V3_development_stable_ground_0011_1,2
V3_development_stable_ground_0012_0,2
V3_development_stable_ground_0012_1,2
V3_development_stable_ground_0016_0,2
V3_development_stable_ground_0016_1,2
V3_development_stable_ground_0017_0,2
V3_development_stable_ground_0017_1,2
V3_development_stable_ground_0022_0,2
V3_development_stable_ground_0022_1,2
V3_development_stable_ground_0023_0,2
V3_development_stable_ground_0023_1,2
V3_development_stable_ground_0025_0,2
V3_development_stable_ground_0025_1,2
V3_development_stable_ground_0027_0,2
V3_development_stable_ground_0027_1,2
V3_development_stable_ground_0028_0,2
V3_development_stable_ground_0028_1,2
V3_development_stable_ground_0034_0,2
V3_development_stable_ground_0034_1,2
V3_development_slow_subsidence_0000_0,2
V3_development_slow_subsidence_0000_1,2
V3_development_slow_subsidence_0001_0,2
V3_development_slow_subsidence_0001_1,2
V3_development_slow_subsidence_0002_0,2
V3_development_slow_subsidence_0002_1,2
V3_development_slow_subsidence_0003_0,2
V3_development_slow_subsidence_0003_1,2
V3_development_slow_subsidence_0005_0,2
V3_development_slow_subsidence_0005_1,2
V3_development_slow_subsidence_0008_0,2
V3_development_slow_subsidence_0008_1,2
V3_development_slow_subsidence_0010_0,2
V3_development_slow_subsidence_0010_1,2
V3_development_slow_subsidence_0019_0,2
V3_development_slow_subsidence_0019_1,2
V3_development_slow_subsidence_0021_0,2
V3_development_slow_subsidence_0021_1,2
V3_development_slow_subsidence_0024_0,2
V3_development_slow_subsidence_0024_1,2
V3_development_slow_subsidence_0025_0,2
V3_development_slow_subsidence_0025_1,2
V3_development_slow_subsidence_0026_0,2
V3_development_slow_subsidence_0026_1,2
V3_development_slow_subsidence_0027_0,2
V3_development_slow_subsidence_0027_1,2
V3_development_slow_subsidence_0028_0,2
V3_development_slow_subsidence_0028_1,2
V3_development_slow_subsidence_0030_0,2
V3_development_slow_subsidence_0030_1,2
V3_development_slow_subsidence_0031_0,2
V3_development_slow_subsidence_0031_1,2
V3_development_slow_subsidence_0035_0,2
V3_development_slow_subsidence_0035_1,2
V3_development_slow_subsidence_0039_0,2
V3_development_slow_subsidence_0039_1,2
V3_development_rapid_subsidence_0001_0,2
V3_development_rapid_subsidence_0001_1,2
V3_development_rapid_subsidence_0003_0,2
V3_development_rapid_subsidence_0003_1,2
V3_development_rapid_subsidence_0004_0,2
V3_development_rapid_subsidence_0004_1,2
V3_development_rapid_subsidence_0009_0,2
V3_development_rapid_subsidence_0009_1,2
V3_development_rapid_subsidence_0020_0,2
V3_development_rapid_subsidence_0020_1,2
V3_development_rapid_subsidence_0021_0,2
V3_development_rapid_subsidence_0021_1,2
V3_development_rapid_subsidence_0023_0,2
V3_development_rapid_subsidence_0023_1,2
V3_development_rapid_subsidence_0025_0,2
V3_development_rapid_subsidence_0025_1,2
V3_development_rapid_subsidence_0027_0,2
V3_development_rapid_subsidence_0027_1,2
V3_development_rapid_subsidence_0032_0,2
V3_development_rapid_subsidence_0032_1,2
V3_development_accelerating_subsidence_0003_0,2
V3_development_accelerating_subsidence_0003_1,2
V3_development_accelerating_subsidence_0004_0,2
V3_development_accelerating_subsidence_0004_1,2
V3_development_accelerating_subsidence_0007_0,2
V3_development_accelerating_subsidence_0007_1,2
V3_development_accelerating_subsidence_0013_0,2
V3_development_accelerating_subsidence_0013_1,2
V3_development_accelerating_subsidence_0016_0,2
V3_development_accelerating_subsidence_0016_1,2
V3_development_accelerating_subsidence_0020_0,2
V3_development_accelerating_subsidence_0020_1,2
V3_development_accelerating_subsidence_0022_0,2
V3_development_accelerating_subsidence_0022_1,2
V3_development_accelerating_subsidence_0024_0,2
V3_development_accelerating_subsidence_0024_1,2
V3_development_accelerating_subsidence_0025_0,2
V3_development_accelerating_subsidence_0025_1,2
V3_development_accelerating_subsidence_0027_0,2
V3_development_accelerating_subsidence_0027_1,2
V3_development_accelerating_subsidence_0029_0,2
V3_development_accelerating_subsidence_0029_1,2
V3_development_accelerating_subsidence_0031_0,2
V3_development_accelerating_subsidence_0031_1,2
V3_development_accelerating_subsidence_0033_0,2
V3_development_accelerating_subsidence_0033_1,2
V3_development_accelerating_subsidence_0037_0,2
V3_development_accelerating_subsidence_0037_1,2
V3_development_irregular_subsidence_0000_0,2
V3_development_irregular_subsidence_0000_1,2
V3_development_irregular_subsidence_0003_0,2
V3_development_irregular_subsidence_0003_1,2
V3_development_irregular_subsidence_0007_0,2
V3_development_irregular_subsidence_0007_1,2
V3_development_irregular_subsidence_0011_0,2
V3_development_irregular_subsidence_0011_1,2
V3_development_irregular_subsidence_0012_0,2
V3_development_irregular_subsidence_0012_1,2
V3_development_irregular_subsidence_0017_0,2
V3_development_irregular_subsidence_0017_1,2
V3_development_irregular_subsidence_0019_0,2
V3_development_irregular_subsidence_0019_1,2
V3_development_irregular_subsidence_0021_0,2
V3_development_irregular_subsidence_0021_1,2
V3_development_irregular_subsidence_0023_0,2
V3_development_irregular_subsidence_0023_1,2
V3_development_irregular_subsidence_0026_0,2
V3_development_irregular_subsidence_0026_1,2
V3_development_irregular_subsidence_0027_0,2
V3_development_irregular_subsidence_0027_1,2
V3_development_irregular_subsidence_0029_0,2
V3_development_irregular_subsidence_0029_1,2
V3_development_irregular_subsidence_0032_0,2
V3_development_irregular_subsidence_0032_1,2
V3_development_irregular_subsidence_0034_0,2
V3_development_irregular_subsidence_0034_1,2
V3_development_irregular_subsidence_0035_0,2
V3_development_irregular_subsidence_0035_1,2
V3_development_irregular_subsidence_0037_0,2
V3_development_irregular_subsidence_0037_1,2
V3_development_irregular_subsidence_0038_0,2
V3_development_irregular_subsidence_0038_1,2
V3_development_multiple_zones_0000_0,2
V3_development_multiple_zones_0000_1,2
V3_development_multiple_zones_0003_0,2
V3_development_multiple_zones_0003_1,2
V3_development_multiple_zones_0007_0,2
V3_development_multiple_zones_0007_1,2
V3_development_multiple_zones_0009_0,2
V3_development_multiple_zones_0009_1,2
V3_development_multiple_zones_0014_0,2
V3_development_multiple_zones_0014_1,2
V3_development_multiple_zones_0016_0,2
V3_development_multiple_zones_0016_1,2
V3_development_multiple_zones_0017_0,2
V3_development_multiple_zones_0017_1,2
V3_development_multiple_zones_0018_0,2
V3_development_multiple_zones_0018_1,2
V3_development_multiple_zones_0021_0,2
V3_development_multiple_zones_0021_1,2
V3_development_multiple_zones_0023_0,2
V3_development_multiple_zones_0023_1,2
V3_development_multiple_zones_0024_0,2
V3_development_multiple_zones_0024_1,2
V3_development_multiple_zones_0033_0,2
V3_development_multiple_zones_0033_1,2
V3_development_multiple_zones_0037_0,2
V3_development_multiple_zones_0037_1,2
V3_development_sensor_bias_0002_0,2
V3_development_sensor_bias_0002_1,2
V3_development_sensor_bias_0007_0,2
V3_development_sensor_bias_0007_1,2
V3_development_sensor_bias_0012_0,2
V3_development_sensor_bias_0012_1,2
V3_development_sensor_bias_0015_0,2
V3_development_sensor_bias_0015_1,2
V3_development_sensor_bias_0020_0,2
V3_development_sensor_bias_0020_1,2
V3_development_sensor_bias_0024_0,2
V3_development_sensor_bias_0024_1,2
V3_development_sensor_bias_0031_0,2
V3_development_sensor_bias_0031_1,2
V3_development_sensor_bias_0037_0,2
V3_development_sensor_bias_0037_1,2
V3_development_sensor_bias_0039_0,2
V3_development_sensor_bias_0039_1,2
V3_development_sensor_stuck_0003_0,2
V3_development_sensor_stuck_0003_1,2
V3_development_sensor_stuck_0005_0,2
V3_development_sensor_stuck_0005_1,2
V3_development_sensor_stuck_0007_0,2
V3_development_sensor_stuck_0007_1,2
V3_development_sensor_stuck_0011_0,2
V3_development_sensor_stuck_0011_1,2
V3_development_sensor_stuck_0012_0,2
V3_development_sensor_stuck_0012_1,2
V3_development_sensor_stuck_0014_0,2
V3_development_sensor_stuck_0014_1,2
V3_development_sensor_stuck_0019_0,2
V3_development_sensor_stuck_0019_1,2
V3_development_sensor_stuck_0020_0,2
V3_development_sensor_stuck_0020_1,2
V3_development_sensor_stuck_0023_0,2
V3_development_sensor_stuck_0023_1,2
V3_development_sensor_stuck_0026_0,2
V3_development_sensor_stuck_0026_1,2
V3_development_sensor_stuck_0028_0,2
V3_development_sensor_stuck_0028_1,2
V3_development_sensor_stuck_0031_0,2
V3_development_sensor_stuck_0031_1,2
V3_development_sensor_stuck_0032_0,2
V3_development_sensor_stuck_0032_1,2
V3_development_sensor_dropout_0004_0,2
V3_development_sensor_dropout_0004_1,2
V3_development_sensor_dropout_0006_0,2
V3_development_sensor_dropout_0006_1,2
V3_development_sensor_dropout_0010_0,2
V3_development_sensor_dropout_0010_1,2
V3_development_sensor_dropout_0013_0,2
V3_development_sensor_dropout_0013_1,2
V3_development_sensor_dropout_0016_0,2
V3_development_sensor_dropout_0016_1,2
V3_development_sensor_dropout_0017_0,2
V3_development_sensor_dropout_0017_1,2
V3_development_sensor_dropout_0021_0,2
V3_development_sensor_dropout_0021_1,2
V3_development_sensor_dropout_0022_0,2
V3_development_sensor_dropout_0022_1,2
V3_development_sensor_dropout_0027_0,2
V3_development_sensor_dropout_0027_1,2
V3_development_sensor_dropout_0034_0,2
V3_development_sensor_dropout_0034_1,2
V3_development_sensor_dropout_0037_0,2
V3_development_sensor_dropout_0037_1,2
V3_development_sensor_spike_0000_0,2
V3_development_sensor_spike_0000_1,2
V3_development_sensor_spike_0003_0,2
V3_development_sensor_spike_0003_1,2
V3_development_sensor_spike_0009_0,2
V3_development_sensor_spike_0009_1,2
V3_development_sensor_spike_0010_0,2
V3_development_sensor_spike_0010_1,2
V3_development_sensor_spike_0012_0,2
V3_development_sensor_spike_0012_1,2
V3_development_sensor_spike_0016_0,2
V3_development_sensor_spike_0016_1,2
V3_development_sensor_spike_0020_0,2
V3_development_sensor_spike_0020_1,2
V3_development_sensor_spike_0021_0,2
V3_development_sensor_spike_0021_1,2
V3_development_sensor_spike_0025_0,2
V3_development_sensor_spike_0025_1,2
V3_development_sensor_spike_0028_0,2
V3_development_sensor_spike_0028_1,2
V3_development_sensor_spike_0030_0,2
V3_development_sensor_spike_0030_1,2
V3_development_sensor_spike_0032_0,2
V3_development_sensor_spike_0032_1,2
V3_development_sensor_spike_0034_0,2
V3_development_sensor_spike_0034_1,2
V3_development_sensor_spike_0036_0,2
V3_development_sensor_spike_0036_1,2
V3_development_sensor_drift_0000_0,2
V3_development_sensor_drift_0000_1,2
V3_development_sensor_drift_0001_0,2
V3_development_sensor_drift_0001_1,2
V3_development_sensor_drift_0006_0,2
V3_development_sensor_drift_0006_1,2
V3_development_sensor_drift_0007_0,2
V3_development_sensor_drift_0007_1,2
V3_development_sensor_drift_0009_0,2
V3_development_sensor_drift_0009_1,2
V3_development_sensor_drift_0010_0,2
V3_development_sensor_drift_0010_1,2
V3_development_sensor_drift_0011_0,2
V3_development_sensor_drift_0011_1,2
V3_development_sensor_drift_0013_0,2
V3_development_sensor_drift_0013_1,2
V3_development_sensor_drift_0015_0,2
V3_development_sensor_drift_0015_1,2
V3_development_sensor_drift_0019_0,2
V3_development_sensor_drift_0019_1,2
V3_development_sensor_drift_0022_0,2
V3_development_sensor_drift_0022_1,2
V3_development_sensor_drift_0025_0,2
V3_development_sensor_drift_0025_1,2
V3_development_sensor_drift_0026_0,2
V3_development_sensor_drift_0026_1,2
V3_development_sensor_drift_0029_0,2
V3_development_sensor_drift_0029_1,2
V3_development_sensor_drift_0037_0,2
V3_development_sensor_drift_0037_1,2
V3_development_slow_drift_temperature_0004_0,2
V3_development_slow_drift_temperature_0004_1,2
V3_development_slow_drift_temperature_0005_0,2
V3_development_slow_drift_temperature_0005_1,2
V3_development_slow_drift_temperature_0013_0,2
V3_development_slow_drift_temperature_0013_1,2
V3_development_slow_drift_temperature_0014_0,2
V3_development_slow_drift_temperature_0014_1,2
V3_development_slow_drift_temperature_0015_0,2
V3_development_slow_drift_temperature_0015_1,2
V3_development_slow_drift_temperature_0019_0,2
V3_development_slow_drift_temperature_0019_1,2
V3_development_slow_drift_temperature_0020_0,2
V3_development_slow_drift_temperature_0020_1,2
V3_development_slow_drift_temperature_0021_0,2
V3_development_slow_drift_temperature_0021_1,2
V3_development_slow_drift_temperature_0025_0,2
V3_development_slow_drift_temperature_0025_1,2
V3_development_slow_drift_temperature_0027_0,2
V3_development_slow_drift_temperature_0027_1,2
V3_development_slow_drift_temperature_0029_0,2
V3_development_slow_drift_temperature_0029_1,2
V3_development_slow_drift_temperature_0031_0,2
V3_development_slow_drift_temperature_0031_1,2
V3_development_slow_drift_temperature_0032_0,2
V3_development_slow_drift_temperature_0032_1,2
V3_development_slow_drift_temperature_0033_0,2
V3_development_slow_drift_temperature_0033_1,2
V3_development_slow_drift_temperature_0034_0,2
V3_development_slow_drift_temperature_0034_1,2
V3_development_slow_drift_temperature_0035_0,2
V3_development_slow_drift_temperature_0035_1,2
V3_development_slow_drift_temperature_0037_0,2
V3_development_slow_drift_temperature_0037_1,2
V3_development_packet_loss_0002_0,2
V3_development_packet_loss_0002_1,2
V3_development_packet_loss_0003_0,2
V3_development_packet_loss_0003_1,2
V3_development_packet_loss_0005_0,2
V3_development_packet_loss_0005_1,2
V3_development_packet_loss_0006_0,2
V3_development_packet_loss_0006_1,2
V3_development_packet_loss_0008_0,2
V3_development_packet_loss_0008_1,2
V3_development_packet_loss_0009_0,2
V3_development_packet_loss_0009_1,2
V3_development_packet_loss_0014_0,2
V3_development_packet_loss_0014_1,2
V3_development_packet_loss_0019_0,2
V3_development_packet_loss_0019_1,2
V3_development_packet_loss_0021_0,2
V3_development_packet_loss_0021_1,2
V3_development_packet_loss_0022_0,2
V3_development_packet_loss_0022_1,2
V3_development_packet_loss_0023_0,2
V3_development_packet_loss_0023_1,2
V3_development_packet_loss_0026_0,2
V3_development_packet_loss_0026_1,2
V3_development_packet_loss_0028_0,2
V3_development_packet_loss_0028_1,2
V3_development_packet_loss_0031_0,2
V3_development_packet_loss_0031_1,2
V3_development_packet_loss_0039_0,2
V3_development_packet_loss_0039_1,2
V3_development_vibration_only_0000_0,2
V3_development_vibration_only_0000_1,2
V3_development_vibration_only_0001_0,2
V3_development_vibration_only_0001_1,2
V3_development_vibration_only_0003_0,2
V3_development_vibration_only_0003_1,2
V3_development_vibration_only_0004_0,2
V3_development_vibration_only_0004_1,2
V3_development_vibration_only_0010_0,2
V3_development_vibration_only_0010_1,2
V3_development_vibration_only_0011_0,2
V3_development_vibration_only_0011_1,2
V3_development_vibration_only_0016_0,2
V3_development_vibration_only_0016_1,2
V3_development_vibration_only_0018_0,2
V3_development_vibration_only_0018_1,2
V3_development_vibration_only_0022_0,2
V3_development_vibration_only_0022_1,2
V3_development_vibration_only_0023_0,2
V3_development_vibration_only_0023_1,2
V3_development_vibration_only_0025_0,2
V3_development_vibration_only_0025_1,2
V3_development_vibration_only_0027_0,2
V3_development_vibration_only_0027_1,2
V3_development_single_node_disturbance_0000_0,2
V3_development_single_node_disturbance_0000_1,2
V3_development_single_node_disturbance_0001_0,2
V3_development_single_node_disturbance_0001_1,2
V3_development_single_node_disturbance_0004_0,2
V3_development_single_node_disturbance_0004_1,2
V3_development_single_node_disturbance_0005_0,2
V3_development_single_node_disturbance_0005_1,2
V3_development_single_node_disturbance_0007_0,2
V3_development_single_node_disturbance_0007_1,2
V3_development_single_node_disturbance_0008_0,2
V3_development_single_node_disturbance_0008_1,2
V3_development_single_node_disturbance_0009_0,2
V3_development_single_node_disturbance_0009_1,2
V3_development_single_node_disturbance_0011_0,2
V3_development_single_node_disturbance_0011_1,2
V3_development_single_node_disturbance_0021_0,2
V3_development_single_node_disturbance_0021_1,2
V3_development_single_node_disturbance_0025_0,2
V3_development_single_node_disturbance_0025_1,2
V3_development_single_node_disturbance_0026_0,2
V3_development_single_node_disturbance_0026_1,2
V3_development_single_node_disturbance_0027_0,2
V3_development_single_node_disturbance_0027_1,2
V3_development_single_node_disturbance_0029_0,2
V3_development_single_node_disturbance_0029_1,2
V3_development_single_node_disturbance_0033_0,2
V3_development_single_node_disturbance_0033_1,2
V3_development_communication_failure_0002_0,2
V3_development_communication_failure_0002_1,2
V3_development_communication_failure_0006_0,2
V3_development_communication_failure_0006_1,2
V3_development_communication_failure_0007_0,2
V3_development_communication_failure_0007_1,2
V3_development_communication_failure_0011_0,2
V3_development_communication_failure_0011_1,2
V3_development_communication_failure_0013_0,2
V3_development_communication_failure_0013_1,2
V3_development_communication_failure_0023_0,2
V3_development_communication_failure_0023_1,2
V3_development_communication_failure_0028_0,2
V3_development_communication_failure_0028_1,2
V3_development_communication_failure_0034_0,2
V3_development_communication_failure_0034_1,2
V3_development_communication_failure_0035_0,2
V3_development_communication_failure_0035_1,2
